timestamp,location,temperature,humidity,pm2_5,noise_level,water_usage
2024-12-16T21:17:11.661446Z,Quartier-3,24.93,48.76,119,54,61
2024-12-16T21:18:11.661446Z,Quartier-5,20.52,81.4,45,34,77
2024-12-16T21:19:11.661446Z,Quartier-1,19.03,78.41,52,95,91
2024-12-16T21:20:11.661446Z,Quartier-2,20.24,86.81,70,38,49
2024-12-16T21:21:11.661446Z,Quartier-4,19.3,81.99,86,89,57
2024-12-16T21:22:11.661446Z,Quartier-5,23.09,50.09,16,45,46
2024-12-16T21:23:11.661446Z,Quartier-4,24.96,35.57,98,86,49
2024-12-16T21:24:11.661446Z,Quartier-2,22.46,48.21,28,44,92
2024-12-16T21:25:11.661446Z,Quartier-3,19.12,85.41,85,49,48
2024-12-16T21:26:11.661446Z,Quartier-5,24.49,44.14,12,44,77
2024-12-16T21:27:11.661446Z,Quartier-2,19.32,87.89,43,44,51
2024-12-16T21:28:11.661446Z,Quartier-5,21.91,88.42,39,56,93
2024-12-16T21:29:11.661446Z,Quartier-1,20.43,73.21,85,67,44
2024-12-16T21:30:11.661446Z,Quartier-3,21.83,85.53,95,56,71
2024-12-16T21:31:11.661446Z,Quartier-2,18.69,72.09,66,44,100
2024-12-16T21:32:11.661446Z,Quartier-3,21.67,83.69,136,40,93
2024-12-16T21:33:11.661446Z,Quartier-1,22.75,43.42,70,67,53
2024-12-16T21:34:11.661446Z,Quartier-4,22.63,49.02,93,94,51
2024-12-16T21:35:11.661446Z,Quartier-2,20.37,85.45,56,42,80
2024-12-16T21:36:11.661446Z,Quartier-5,24.8,33.5,13,46,60
2024-12-16T21:37:11.661446Z,Quartier-3,21.11,86.8,85,27,98
2024-12-16T21:38:11.661446Z,Quartier-2,22.51,47.69,12,33,44
2024-12-16T21:39:11.661446Z,Quartier-2,23.72,32.16,51,32,66
2024-12-16T21:40:11.661446Z,Quartier-2,23.76,59.81,27,43,59
2024-12-16T21:41:11.661446Z,Quartier-1,21.84,84.78,100,62,86
2024-12-16T21:42:11.661446Z,Quartier-1,23.93,50.61,55,68,82
2024-12-16T21:43:11.661446Z,Quartier-5,19.89,83.36,12,28,63
2024-12-16T21:44:11.661446Z,Quartier-3,23.3,46.64,131,57,58
2024-12-16T21:45:11.661446Z,Quartier-4,18.27,82.66,99,89,49
2024-12-16T21:46:11.661446Z,Quartier-3,18.56,86.26,148,47,85
2024-12-16T21:47:11.661446Z,Quartier-2,24.83,41.39,16,30,97
2024-12-16T21:48:11.661446Z,Quartier-5,23.3,49.17,49,49,96
2024-12-16T21:49:11.661446Z,Quartier-1,21.0,70.78,93,65,95
2024-12-16T21:50:11.661446Z,Quartier-1,18.84,80.11,98,82,45
2024-12-16T21:51:11.661446Z,Quartier-4,24.87,53.05,95,67,47
2024-12-16T21:52:11.661446Z,Quartier-4,22.06,48.32,60,97,83
2024-12-16T21:53:11.661446Z,Quartier-1,24.91,37.38,54,91,43
2024-12-16T21:54:11.661446Z,Quartier-3,24.06,46.89,129,30,40
2024-12-16T21:55:11.661446Z,Quartier-4,22.78,41.36,58,84,94
2024-12-16T21:56:11.661446Z,Quartier-2,20.72,72.52,21,40,84
2024-12-16T21:57:11.661446Z,Quartier-5,24.06,46.06,16,54,79
2024-12-16T21:58:11.661446Z,Quartier-4,21.2,79.45,92,90,99
2024-12-16T21:59:11.661446Z,Quartier-3,23.15,36.44,111,25,79
2024-12-16T22:00:11.661446Z,Quartier-5,20.94,85.72,41,27,53
2024-12-16T22:01:11.661446Z,Quartier-3,19.18,82.35,71,29,96
2024-12-16T22:02:11.661446Z,Quartier-3,23.56,56.43,114,31,86
2024-12-16T22:03:11.661446Z,Quartier-3,22.31,48.82,139,23,88
2024-12-16T22:04:11.661446Z,Quartier-3,23.48,52.95,92,41,64
2024-12-16T22:05:11.661446Z,Quartier-4,18.12,86.62,100,79,61
2024-12-16T22:06:11.661446Z,Quartier-4,22.97,37.47,98,80,60
2024-12-16T22:07:11.661446Z,Quartier-3,19.06,89.46,94,25,91
2024-12-16T22:08:11.661446Z,Quartier-3,19.01,77.69,111,57,60
2024-12-16T22:09:11.661446Z,Quartier-1,22.01,45.83,70,73,98
2024-12-16T22:10:11.661446Z,Quartier-5,22.37,56.63,48,40,98
2024-12-16T22:11:11.661446Z,Quartier-2,18.71,77.9,35,41,48
2024-12-16T22:12:11.661446Z,Quartier-2,24.2,45.85,30,34,44
2024-12-16T22:13:11.661446Z,Quartier-5,24.77,44.79,45,37,81
2024-12-16T22:14:11.661446Z,Quartier-1,23.56,51.91,72,85,51
2024-12-16T22:15:11.661446Z,Quartier-1,23.2,51.34,93,83,42
2024-12-16T22:16:11.661446Z,Quartier-1,19.04,83.5,50,82,65
2024-12-16T22:17:11.661446Z,Quartier-4,23.96,49.74,54,70,50
2024-12-16T22:18:11.661446Z,Quartier-1,22.85,53.74,64,75,81
2024-12-16T22:19:11.661446Z,Quartier-4,23.39,56.54,62,95,88
2024-12-16T22:20:11.661446Z,Quartier-4,24.7,50.56,70,87,80
2024-12-16T22:21:11.661446Z,Quartier-5,21.07,87.99,38,51,82
2024-12-16T22:22:11.661446Z,Quartier-5,23.59,53.65,40,46,78
2024-12-16T22:23:11.661446Z,Quartier-4,20.87,85.0,51,89,50
2024-12-16T22:24:11.661446Z,Quartier-2,19.82,73.03,28,44,94
2024-12-16T22:25:11.661446Z,Quartier-2,22.6,41.58,47,34,42
2024-12-16T22:26:11.661446Z,Quartier-4,21.66,88.87,60,79,89
2024-12-16T22:27:11.661446Z,Quartier-5,20.76,77.56,20,31,57
2024-12-16T22:28:11.661446Z,Quartier-1,24.57,57.35,61,73,82
2024-12-16T22:29:11.661446Z,Quartier-1,20.59,86.75,72,91,66
2024-12-16T22:30:11.661446Z,Quartier-2,20.2,70.61,48,43,95
2024-12-16T22:31:11.661446Z,Quartier-1,22.98,48.35,93,99,75
2024-12-16T22:32:11.661446Z,Quartier-3,20.48,77.74,106,52,61
2024-12-16T22:33:11.661446Z,Quartier-1,24.1,48.57,99,71,41
2024-12-16T22:34:11.661446Z,Quartier-4,22.1,52.57,50,79,54
2024-12-16T22:35:11.661446Z,Quartier-5,19.03,70.59,43,57,61
2024-12-16T22:36:11.661446Z,Quartier-4,22.22,37.93,77,100,82
2024-12-16T22:37:11.661446Z,Quartier-1,22.67,40.79,70,74,98
2024-12-16T22:38:11.661446Z,Quartier-3,20.34,75.29,103,46,91
2024-12-16T22:39:11.661446Z,Quartier-5,24.84,41.06,37,53,45
2024-12-16T22:40:11.661446Z,Quartier-4,20.5,89.69,82,88,82
2024-12-16T22:41:11.661446Z,Quartier-3,18.96,88.99,146,24,88
2024-12-16T22:42:11.661446Z,Quartier-2,18.43,89.69,52,31,50
2024-12-16T22:43:11.661446Z,Quartier-5,23.01,42.46,22,40,63
2024-12-16T22:44:11.661446Z,Quartier-5,24.37,49.2,30,35,62
2024-12-16T22:45:11.661446Z,Quartier-2,24.9,31.69,33,39,74
2024-12-16T22:46:11.661446Z,Quartier-5,21.06,87.32,26,37,55
2024-12-16T22:47:11.661446Z,Quartier-2,18.79,70.71,58,31,54
2024-12-16T22:48:11.661446Z,Quartier-4,24.94,52.39,97,94,51
2024-12-16T22:49:11.661446Z,Quartier-3,20.46,71.72,71,37,48
2024-12-16T22:50:11.661446Z,Quartier-3,18.46,84.77,140,51,46
2024-12-16T22:51:11.661446Z,Quartier-2,21.1,82.44,62,30,76
2024-12-16T22:52:11.661446Z,Quartier-3,21.15,80.55,97,47,86
2024-12-16T22:53:11.661446Z,Quartier-1,21.17,76.34,79,83,46
2024-12-16T22:54:11.661446Z,Quartier-5,19.69,84.27,8,45,82
2024-12-16T22:55:11.661446Z,Quartier-5,22.2,50.24,16,48,66
2024-12-16T22:56:11.661446Z,Quartier-3,21.22,89.99,82,40,83
2024-12-16T22:57:11.661446Z,Quartier-2,21.06,70.05,32,49,97
2024-12-16T22:58:11.661446Z,Quartier-4,20.78,82.03,90,70,65
2024-12-16T22:59:11.661446Z,Quartier-2,22.72,59.86,20,44,72
2024-12-16T23:00:11.661446Z,Quartier-5,21.21,84.1,39,39,11
2024-12-16T23:01:11.661446Z,Quartier-3,19.1,86.23,88,47,26
2024-12-16T23:02:11.661446Z,Quartier-5,21.1,83.92,21,53,20
2024-12-16T23:03:11.661446Z,Quartier-4,20.94,78.7,60,45,18
2024-12-16T23:04:11.661446Z,Quartier-3,24.79,47.94,136,34,6
2024-12-16T23:05:11.661446Z,Quartier-5,19.18,71.31,11,45,7
2024-12-16T23:06:11.661446Z,Quartier-3,23.2,49.04,78,43,18
2024-12-16T23:07:11.661446Z,Quartier-4,21.48,75.78,89,45,7
2024-12-16T23:08:11.661446Z,Quartier-1,23.23,44.18,50,48,12
2024-12-16T23:09:11.661446Z,Quartier-4,20.29,72.26,91,44,9
2024-12-16T23:10:11.661446Z,Quartier-1,18.56,84.23,93,47,13
2024-12-16T23:11:11.661446Z,Quartier-3,19.58,81.16,59,35,17
2024-12-16T23:12:11.661446Z,Quartier-3,23.15,40.55,118,30,2
2024-12-16T23:13:11.661446Z,Quartier-3,23.59,53.26,56,47,13
2024-12-16T23:14:11.661446Z,Quartier-4,20.09,86.82,61,46,9
2024-12-16T23:15:11.661446Z,Quartier-4,19.85,74.24,54,44,28
2024-12-16T23:16:11.661446Z,Quartier-3,23.56,35.02,91,49,29
2024-12-16T23:17:11.661446Z,Quartier-2,21.13,72.18,62,50,30
2024-12-16T23:18:11.661446Z,Quartier-2,19.25,85.26,71,39,5
2024-12-16T23:19:11.661446Z,Quartier-4,21.65,72.23,61,48,23
2024-12-16T23:20:11.661446Z,Quartier-5,18.46,79.76,19,31,9
2024-12-16T23:21:11.661446Z,Quartier-1,22.49,53.74,52,46,4
2024-12-16T23:22:11.661446Z,Quartier-4,21.44,77.29,81,45,9
2024-12-16T23:23:11.661446Z,Quartier-1,21.51,82.34,78,48,15
2024-12-16T23:24:11.661446Z,Quartier-2,23.61,35.3,56,49,24
2024-12-16T23:25:11.661446Z,Quartier-2,23.15,52.42,54,44,10
2024-12-16T23:26:11.661446Z,Quartier-2,23.52,36.06,31,38,12
2024-12-16T23:27:11.661446Z,Quartier-1,23.14,44.7,60,48,4
2024-12-16T23:28:11.661446Z,Quartier-3,19.31,75.36,145,39,16
2024-12-16T23:29:11.661446Z,Quartier-3,20.33,86.77,57,36,10
2024-12-16T23:30:11.661446Z,Quartier-2,19.25,77.81,18,49,3
2024-12-16T23:31:11.661446Z,Quartier-2,22.89,51.16,14,47,10
2024-12-16T23:32:11.661446Z,Quartier-5,23.99,33.6,18,34,25
2024-12-16T23:33:11.661446Z,Quartier-1,20.18,80.06,100,49,8
2024-12-16T23:34:11.661446Z,Quartier-5,22.83,34.29,45,50,7
2024-12-16T23:35:11.661446Z,Quartier-3,22.15,51.72,98,31,20
2024-12-16T23:36:11.661446Z,Quartier-1,20.95,74.85,52,47,21
2024-12-16T23:37:11.661446Z,Quartier-3,18.23,87.43,81,42,26
2024-12-16T23:38:11.661446Z,Quartier-2,21.34,75.85,17,37,9
2024-12-16T23:39:11.661446Z,Quartier-5,20.71,87.77,23,50,9
2024-12-16T23:40:11.661446Z,Quartier-2,20.53,78.65,15,43,12
2024-12-16T23:41:11.661446Z,Quartier-5,20.26,73.08,44,21,1
2024-12-16T23:42:11.661446Z,Quartier-4,22.48,52.42,64,40,23
2024-12-16T23:43:11.661446Z,Quartier-4,24.95,32.71,84,42,4
2024-12-16T23:44:11.661446Z,Quartier-2,24.93,38.11,18,48,28
2024-12-16T23:45:11.661446Z,Quartier-1,18.59,88.12,69,41,4
2024-12-16T23:46:11.661446Z,Quartier-1,24.46,39.59,89,49,28
2024-12-16T23:47:11.661446Z,Quartier-2,23.47,33.53,12,50,8
2024-12-16T23:48:11.661446Z,Quartier-4,18.78,71.34,64,48,17
2024-12-16T23:49:11.661446Z,Quartier-4,22.3,38.77,50,43,25
2024-12-16T23:50:11.661446Z,Quartier-4,23.0,37.9,80,48,19
2024-12-16T23:51:11.661446Z,Quartier-3,24.85,56.61,131,52,15
2024-12-16T23:52:11.661446Z,Quartier-3,19.92,74.63,67,60,5
2024-12-16T23:53:11.661446Z,Quartier-5,20.96,86.51,29,54,29
2024-12-16T23:54:11.661446Z,Quartier-3,22.58,58.69,90,23,26
2024-12-16T23:55:11.661446Z,Quartier-4,21.24,84.78,71,47,8
2024-12-16T23:56:11.661446Z,Quartier-2,24.5,38.25,32,49,26
2024-12-16T23:57:11.661446Z,Quartier-3,22.68,42.22,103,46,10
2024-12-16T23:58:11.661446Z,Quartier-4,24.05,34.36,58,47,6
2024-12-16T23:59:11.661446Z,Quartier-1,20.44,73.48,85,46,20
2024-12-17T00:00:11.661446Z,Quartier-3,23.7,49.46,74,32,9
2024-12-17T00:01:11.661446Z,Quartier-3,24.29,44.54,59,30,14
2024-12-17T00:02:11.661446Z,Quartier-1,20.67,72.9,98,44,16
2024-12-17T00:03:11.661446Z,Quartier-3,21.52,84.84,129,27,25
2024-12-17T00:04:11.661446Z,Quartier-1,22.58,45.45,72,47,12
2024-12-17T00:05:11.661446Z,Quartier-2,18.6,73.72,27,33,4
2024-12-17T00:06:11.661446Z,Quartier-4,21.17,85.72,50,50,3
2024-12-17T00:07:11.661446Z,Quartier-1,19.64,73.61,81,46,5
2024-12-17T00:08:11.661446Z,Quartier-2,18.2,70.63,66,33,29
2024-12-17T00:09:11.661446Z,Quartier-3,24.11,43.55,85,37,29
2024-12-17T00:10:11.661446Z,Quartier-3,24.34,35.31,106,32,7
2024-12-17T00:11:11.661446Z,Quartier-3,21.16,82.8,70,47,24
2024-12-17T00:12:11.661446Z,Quartier-3,22.11,56.49,133,48,9
2024-12-17T00:13:11.661446Z,Quartier-5,19.12,78.38,8,39,27
2024-12-17T00:14:11.661446Z,Quartier-3,18.17,70.45,121,34,19
2024-12-17T00:15:11.661446Z,Quartier-1,22.81,40.92,52,47,10
2024-12-17T00:16:11.661446Z,Quartier-2,22.63,38.17,61,36,28
2024-12-17T00:17:11.661446Z,Quartier-4,23.16,46.86,59,43,30
2024-12-17T00:18:11.661446Z,Quartier-2,22.57,43.79,30,46,4
2024-12-17T00:19:11.661446Z,Quartier-1,18.06,82.01,72,41,23
2024-12-17T00:20:11.661446Z,Quartier-4,20.85,80.65,96,40,14
2024-12-17T00:21:11.661446Z,Quartier-1,23.58,41.59,53,49,7
2024-12-17T00:22:11.661446Z,Quartier-1,18.1,88.52,84,47,23
2024-12-17T00:23:11.661446Z,Quartier-5,21.26,76.66,42,24,27
2024-12-17T00:24:11.661446Z,Quartier-4,19.96,85.47,77,47,25
2024-12-17T00:25:11.661446Z,Quartier-4,24.5,42.3,99,43,20
2024-12-17T00:26:11.661446Z,Quartier-4,19.56,73.39,98,42,26
2024-12-17T00:27:11.661446Z,Quartier-2,23.82,58.07,42,38,18
2024-12-17T00:28:11.661446Z,Quartier-3,19.6,73.81,94,30,16
2024-12-17T00:29:11.661446Z,Quartier-3,22.77,47.79,67,20,0
2024-12-17T00:30:11.661446Z,Quartier-1,20.77,80.02,73,44,0
2024-12-17T00:31:11.661446Z,Quartier-4,18.69,74.01,98,42,20
2024-12-17T00:32:11.661446Z,Quartier-3,19.69,79.34,75,40,26
2024-12-17T00:33:11.661446Z,Quartier-2,18.85,78.96,54,43,28
2024-12-17T00:34:11.661446Z,Quartier-4,22.79,38.19,92,50,22
2024-12-17T00:35:11.661446Z,Quartier-1,18.47,89.24,73,42,17
2024-12-17T00:36:11.661446Z,Quartier-2,23.13,44.58,47,35,11
2024-12-17T00:37:11.661446Z,Quartier-4,21.79,82.65,62,42,12
2024-12-17T00:38:11.661446Z,Quartier-1,23.93,42.71,77,40,29
2024-12-17T00:39:11.661446Z,Quartier-1,24.09,39.12,76,48,30
2024-12-17T00:40:11.661446Z,Quartier-1,22.75,58.54,97,42,27
2024-12-17T00:41:11.661446Z,Quartier-5,22.95,56.77,33,25,22
2024-12-17T00:42:11.661446Z,Quartier-4,20.19,85.13,92,43,27
2024-12-17T00:43:11.661446Z,Quartier-2,21.21,70.79,14,39,4
2024-12-17T00:44:11.661446Z,Quartier-4,18.29,88.0,96,42,16
2024-12-17T00:45:11.661446Z,Quartier-5,21.31,89.31,45,20,9
2024-12-17T00:46:11.661446Z,Quartier-1,20.59,79.92,55,45,6
2024-12-17T00:47:11.661446Z,Quartier-1,19.7,71.15,89,42,14
2024-12-17T00:48:11.661446Z,Quartier-2,24.89,41.24,37,41,10
2024-12-17T00:49:11.661446Z,Quartier-4,18.52,82.47,74,45,12
2024-12-17T00:50:11.661446Z,Quartier-5,23.32,41.8,45,43,8
2024-12-17T00:51:11.661446Z,Quartier-5,23.0,48.83,9,45,20
2024-12-17T00:52:11.661446Z,Quartier-3,18.3,71.95,61,40,9
2024-12-17T00:53:11.661446Z,Quartier-3,18.74,71.11,128,55,18
2024-12-17T00:54:11.661446Z,Quartier-1,24.76,37.85,85,48,18
2024-12-17T00:55:11.661446Z,Quartier-3,21.89,89.03,117,26,15
2024-12-17T00:56:11.661446Z,Quartier-2,18.86,84.74,65,35,0
2024-12-17T00:57:11.661446Z,Quartier-4,24.9,40.15,97,44,11
2024-12-17T00:58:11.661446Z,Quartier-4,21.68,77.61,99,46,22
2024-12-17T00:59:11.661446Z,Quartier-1,21.84,77.04,97,40,28
2024-12-17T01:00:11.661446Z,Quartier-3,20.88,81.79,105,25,1
2024-12-17T01:01:11.661446Z,Quartier-1,23.28,56.52,80,49,18
2024-12-17T01:02:11.661446Z,Quartier-4,22.38,46.44,74,42,3
2024-12-17T01:03:11.661446Z,Quartier-1,18.91,82.61,59,48,19
2024-12-17T01:04:11.661446Z,Quartier-5,20.12,79.67,48,39,9
2024-12-17T01:05:11.661446Z,Quartier-1,24.37,41.08,94,40,1
2024-12-17T01:06:11.661446Z,Quartier-3,24.64,52.28,61,44,3
2024-12-17T01:07:11.661446Z,Quartier-3,21.11,84.14,109,21,4
2024-12-17T01:08:11.661446Z,Quartier-5,20.29,87.57,29,37,11
2024-12-17T01:09:11.661446Z,Quartier-3,22.99,34.41,143,52,9
2024-12-17T01:10:11.661446Z,Quartier-1,19.57,78.17,64,50,22
2024-12-17T01:11:11.661446Z,Quartier-4,24.17,47.03,67,50,2
2024-12-17T01:12:11.661446Z,Quartier-4,20.19,78.98,54,50,20
2024-12-17T01:13:11.661446Z,Quartier-2,18.39,71.43,69,34,27
2024-12-17T01:14:11.661446Z,Quartier-3,24.46,47.59,80,58,10
2024-12-17T01:15:11.661446Z,Quartier-1,21.77,81.1,78,44,26
2024-12-17T01:16:11.661446Z,Quartier-2,22.52,58.34,40,48,1
2024-12-17T01:17:11.661446Z,Quartier-1,23.21,42.69,100,41,20
2024-12-17T01:18:11.661446Z,Quartier-2,18.97,79.16,42,47,1
2024-12-17T01:19:11.661446Z,Quartier-3,19.96,78.88,75,59,22
2024-12-17T01:20:11.661446Z,Quartier-1,19.98,84.97,69,49,29
2024-12-17T01:21:11.661446Z,Quartier-2,23.42,55.84,41,47,28
2024-12-17T01:22:11.661446Z,Quartier-4,20.82,82.65,77,44,12
2024-12-17T01:23:11.661446Z,Quartier-5,24.6,43.0,13,29,29
2024-12-17T01:24:11.661446Z,Quartier-5,23.05,42.17,23,30,9
2024-12-17T01:25:11.661446Z,Quartier-3,20.75,76.05,93,40,1
2024-12-17T01:26:11.661446Z,Quartier-2,19.01,72.4,69,42,27
2024-12-17T01:27:11.661446Z,Quartier-3,23.75,47.57,85,31,2
2024-12-17T01:28:11.661446Z,Quartier-1,19.28,71.62,66,41,12
2024-12-17T01:29:11.661446Z,Quartier-2,19.58,89.43,29,30,27
2024-12-17T01:30:11.661446Z,Quartier-5,22.18,43.31,8,59,11
2024-12-17T01:31:11.661446Z,Quartier-2,20.92,82.71,49,38,27
2024-12-17T01:32:11.661446Z,Quartier-5,22.58,32.21,9,20,25
2024-12-17T01:33:11.661446Z,Quartier-3,20.9,77.06,145,55,20
2024-12-17T01:34:11.661446Z,Quartier-5,24.41,46.38,23,24,12
2024-12-17T01:35:11.661446Z,Quartier-1,20.75,74.72,84,44,27
2024-12-17T01:36:11.661446Z,Quartier-5,19.65,72.38,46,53,8
2024-12-17T01:37:11.661446Z,Quartier-5,18.5,75.82,50,53,16
2024-12-17T01:38:11.661446Z,Quartier-3,19.89,85.28,56,52,18
2024-12-17T01:39:11.661446Z,Quartier-3,23.39,30.21,98,35,21
2024-12-17T01:40:11.661446Z,Quartier-5,23.17,44.82,25,27,28
2024-12-17T01:41:11.661446Z,Quartier-1,23.07,49.86,81,50,11
2024-12-17T01:42:11.661446Z,Quartier-2,20.42,90.0,29,32,29
2024-12-17T01:43:11.661446Z,Quartier-5,22.78,33.26,8,21,13
2024-12-17T01:44:11.661446Z,Quartier-5,19.77,88.9,45,53,4
2024-12-17T01:45:11.661446Z,Quartier-2,18.1,70.64,72,39,22
2024-12-17T01:46:11.661446Z,Quartier-3,18.87,85.68,148,49,2
2024-12-17T01:47:11.661446Z,Quartier-4,23.75,58.54,56,46,21
2024-12-17T01:48:11.661446Z,Quartier-1,24.92,31.79,95,43,15
2024-12-17T01:49:11.661446Z,Quartier-1,22.69,34.13,54,49,28
2024-12-17T01:50:11.661446Z,Quartier-2,24.46,57.96,32,34,28
2024-12-17T01:51:11.661446Z,Quartier-5,22.52,41.43,44,26,24
2024-12-17T01:52:11.661446Z,Quartier-5,21.16,70.16,35,21,19
2024-12-17T01:53:11.661446Z,Quartier-4,23.63,43.56,79,50,26
2024-12-17T01:54:11.661446Z,Quartier-4,24.21,51.73,78,43,23
2024-12-17T01:55:11.661446Z,Quartier-2,18.9,74.43,66,38,7
2024-12-17T01:56:11.661446Z,Quartier-5,19.76,79.77,16,23,14
2024-12-17T01:57:11.661446Z,Quartier-5,23.89,30.36,36,52,2
2024-12-17T01:58:11.661446Z,Quartier-2,21.37,78.99,39,33,14
2024-12-17T01:59:11.661446Z,Quartier-2,24.99,40.2,27,48,27
2024-12-17T02:00:11.661446Z,Quartier-1,22.69,56.21,57,42,1
2024-12-17T02:01:11.661446Z,Quartier-2,19.05,89.8,32,37,15
2024-12-17T02:02:11.661446Z,Quartier-3,22.74,31.14,88,37,24
2024-12-17T02:03:11.661446Z,Quartier-3,23.68,52.41,65,38,9
2024-12-17T02:04:11.661446Z,Quartier-1,19.3,80.28,72,42,0
2024-12-17T02:05:11.661446Z,Quartier-5,23.64,59.68,18,51,14
2024-12-17T02:06:11.661446Z,Quartier-2,22.71,31.28,70,38,3
2024-12-17T02:07:11.661446Z,Quartier-4,24.27,57.46,61,48,9
2024-12-17T02:08:11.661446Z,Quartier-5,19.17,77.4,24,53,24
2024-12-17T02:09:11.661446Z,Quartier-1,24.7,58.0,79,50,2
2024-12-17T02:10:11.661446Z,Quartier-5,23.06,45.15,21,52,7
2024-12-17T02:11:11.661446Z,Quartier-4,19.79,72.53,84,40,20
2024-12-17T02:12:11.661446Z,Quartier-1,24.78,31.58,66,43,11
2024-12-17T02:13:11.661446Z,Quartier-3,23.44,32.72,98,41,13
2024-12-17T02:14:11.661446Z,Quartier-3,20.44,70.5,108,46,12
2024-12-17T02:15:11.661446Z,Quartier-1,24.45,46.24,77,47,21
2024-12-17T02:16:11.661446Z,Quartier-1,24.32,53.64,57,44,10
2024-12-17T02:17:11.661446Z,Quartier-3,23.76,37.73,74,30,22
2024-12-17T02:18:11.661446Z,Quartier-2,21.76,70.58,58,41,5
2024-12-17T02:19:11.661446Z,Quartier-5,18.04,73.41,17,20,21
2024-12-17T02:20:11.661446Z,Quartier-3,23.79,36.36,116,37,27
2024-12-17T02:21:11.661446Z,Quartier-3,20.37,86.1,120,49,28
2024-12-17T02:22:11.661446Z,Quartier-4,19.36,85.89,73,46,19
2024-12-17T02:23:11.661446Z,Quartier-3,24.54,57.68,116,21,10
2024-12-17T02:24:11.661446Z,Quartier-2,24.16,47.58,17,37,17
2024-12-17T02:25:11.661446Z,Quartier-3,18.61,87.9,80,27,4
2024-12-17T02:26:11.661446Z,Quartier-5,24.37,38.56,28,45,2
2024-12-17T02:27:11.661446Z,Quartier-1,21.44,72.08,99,45,19
2024-12-17T02:28:11.661446Z,Quartier-3,24.41,47.96,83,53,9
2024-12-17T02:29:11.661446Z,Quartier-1,18.77,77.01,67,47,18
2024-12-17T02:30:11.661446Z,Quartier-4,20.75,74.05,60,50,19
2024-12-17T02:31:11.661446Z,Quartier-2,20.38,79.05,55,49,20
2024-12-17T02:32:11.661446Z,Quartier-5,24.69,56.85,13,35,5
2024-12-17T02:33:11.661446Z,Quartier-2,18.45,71.84,72,47,20
2024-12-17T02:34:11.661446Z,Quartier-3,21.03,84.13,115,51,30
2024-12-17T02:35:11.661446Z,Quartier-2,18.96,70.41,61,42,13
2024-12-17T02:36:11.661446Z,Quartier-4,19.18,74.65,66,48,13
2024-12-17T02:37:11.661446Z,Quartier-3,19.79,85.89,90,34,28
2024-12-17T02:38:11.661446Z,Quartier-2,23.3,50.39,56,40,10
2024-12-17T02:39:11.661446Z,Quartier-5,24.54,42.77,10,38,3
2024-12-17T02:40:11.661446Z,Quartier-4,23.71,41.76,87,41,16
2024-12-17T02:41:11.661446Z,Quartier-1,23.76,39.66,62,50,21
2024-12-17T02:42:11.661446Z,Quartier-1,21.68,70.28,99,44,30
2024-12-17T02:43:11.661446Z,Quartier-2,23.43,52.17,45,38,1
2024-12-17T02:44:11.661446Z,Quartier-2,19.51,86.62,62,42,6
2024-12-17T02:45:11.661446Z,Quartier-3,20.81,86.42,97,36,16
2024-12-17T02:46:11.661446Z,Quartier-3,20.65,77.41,50,25,25
2024-12-17T02:47:11.661446Z,Quartier-5,22.12,47.06,25,43,2
2024-12-17T02:48:11.661446Z,Quartier-2,19.73,71.84,80,43,15
2024-12-17T02:49:11.661446Z,Quartier-5,18.29,70.85,45,44,2
2024-12-17T02:50:11.661446Z,Quartier-1,18.63,77.35,83,41,26
2024-12-17T02:51:11.661446Z,Quartier-3,18.19,88.41,100,35,2
2024-12-17T02:52:11.661446Z,Quartier-2,22.64,33.6,24,31,12
2024-12-17T02:53:11.661446Z,Quartier-4,19.72,89.85,74,48,22
2024-12-17T02:54:11.661446Z,Quartier-1,20.38,87.93,79,40,11
2024-12-17T02:55:11.661446Z,Quartier-5,18.02,87.4,24,51,20
2024-12-17T02:56:11.661446Z,Quartier-2,19.33,84.36,49,38,20
2024-12-17T02:57:11.661446Z,Quartier-3,23.46,56.51,146,49,12
2024-12-17T02:58:11.661446Z,Quartier-4,24.06,51.18,100,44,0
2024-12-17T02:59:11.661446Z,Quartier-4,24.31,30.67,84,41,3
2024-12-17T03:00:11.661446Z,Quartier-5,22.86,46.99,12,30,4
2024-12-17T03:01:11.661446Z,Quartier-5,24.71,48.74,5,58,24
2024-12-17T03:02:11.661446Z,Quartier-2,21.78,81.71,72,46,10
2024-12-17T03:03:11.661446Z,Quartier-1,18.6,71.36,50,41,20
2024-12-17T03:04:11.661446Z,Quartier-3,18.54,87.59,101,34,26
2024-12-17T03:05:11.661446Z,Quartier-5,18.03,73.06,50,28,14
2024-12-17T03:06:11.661446Z,Quartier-1,24.53,59.99,72,46,13
2024-12-17T03:07:11.661446Z,Quartier-4,21.79,72.9,92,45,16
2024-12-17T03:08:11.661446Z,Quartier-5,19.01,74.79,31,46,1
2024-12-17T03:09:11.661446Z,Quartier-5,24.03,46.67,18,52,20
2024-12-17T03:10:11.661446Z,Quartier-1,22.53,35.61,50,42,12
2024-12-17T03:11:11.661446Z,Quartier-2,24.86,30.94,42,31,13
2024-12-17T03:12:11.661446Z,Quartier-3,22.33,30.86,145,57,7
2024-12-17T03:13:11.661446Z,Quartier-5,18.14,81.18,16,22,19
2024-12-17T03:14:11.661446Z,Quartier-1,21.59,81.55,63,48,26
2024-12-17T03:15:11.661446Z,Quartier-3,21.51,80.45,122,29,29
2024-12-17T03:16:11.661446Z,Quartier-1,18.41,89.6,85,44,0
2024-12-17T03:17:11.661446Z,Quartier-5,23.73,42.45,36,32,27
2024-12-17T03:18:11.661446Z,Quartier-3,23.5,49.83,74,42,16
2024-12-17T03:19:11.661446Z,Quartier-3,18.16,77.93,98,21,0
2024-12-17T03:20:11.661446Z,Quartier-3,19.52,75.93,82,52,18
2024-12-17T03:21:11.661446Z,Quartier-2,20.98,76.16,54,34,15
2024-12-17T03:22:11.661446Z,Quartier-1,22.33,47.99,84,45,22
2024-12-17T03:23:11.661446Z,Quartier-5,18.86,88.16,49,55,19
2024-12-17T03:24:11.661446Z,Quartier-2,18.89,75.72,32,30,3
2024-12-17T03:25:11.661446Z,Quartier-3,18.77,87.09,114,46,14
2024-12-17T03:26:11.661446Z,Quartier-1,24.1,58.94,64,47,18
2024-12-17T03:27:11.661446Z,Quartier-5,18.31,85.61,50,25,10
2024-12-17T03:28:11.661446Z,Quartier-4,23.64,38.01,54,40,26
2024-12-17T03:29:11.661446Z,Quartier-3,23.31,42.38,63,53,25
2024-12-17T03:30:11.661446Z,Quartier-5,23.2,56.43,28,29,10
2024-12-17T03:31:11.661446Z,Quartier-4,24.06,31.76,92,50,23
2024-12-17T03:32:11.661446Z,Quartier-2,18.62,80.54,40,34,9
2024-12-17T03:33:11.661446Z,Quartier-2,20.28,77.85,42,38,15
2024-12-17T03:34:11.661446Z,Quartier-1,18.8,75.91,57,45,13
2024-12-17T03:35:11.661446Z,Quartier-1,21.66,71.65,86,49,30
2024-12-17T03:36:11.661446Z,Quartier-5,22.91,51.45,43,35,19
2024-12-17T03:37:11.661446Z,Quartier-5,24.49,34.09,34,31,18
2024-12-17T03:38:11.661446Z,Quartier-1,21.3,87.36,94,48,17
2024-12-17T03:39:11.661446Z,Quartier-5,20.18,87.25,14,57,18
2024-12-17T03:40:11.661446Z,Quartier-3,24.1,34.3,124,45,20
2024-12-17T03:41:11.661446Z,Quartier-2,18.51,77.89,56,36,23
2024-12-17T03:42:11.661446Z,Quartier-4,22.86,49.67,59,48,14
2024-12-17T03:43:11.661446Z,Quartier-3,24.79,37.54,127,43,11
2024-12-17T03:44:11.661446Z,Quartier-2,18.75,80.34,52,35,1
2024-12-17T03:45:11.661446Z,Quartier-1,19.16,77.65,74,41,30
2024-12-17T03:46:11.661446Z,Quartier-3,21.58,74.49,75,60,17
2024-12-17T03:47:11.661446Z,Quartier-5,19.61,84.59,42,55,5
2024-12-17T03:48:11.661446Z,Quartier-1,23.27,53.38,81,43,12
2024-12-17T03:49:11.661446Z,Quartier-4,23.83,46.93,59,41,26
2024-12-17T03:50:11.661446Z,Quartier-5,23.91,35.81,16,58,14
2024-12-17T03:51:11.661446Z,Quartier-3,24.76,34.62,78,21,6
2024-12-17T03:52:11.661446Z,Quartier-1,21.64,88.78,93,48,17
2024-12-17T03:53:11.661446Z,Quartier-4,23.09,31.96,62,47,15
2024-12-17T03:54:11.661446Z,Quartier-3,23.24,43.65,62,58,16
2024-12-17T03:55:11.661446Z,Quartier-4,23.22,57.95,57,40,4
2024-12-17T03:56:11.661446Z,Quartier-2,20.84,75.94,42,40,26
2024-12-17T03:57:11.661446Z,Quartier-2,22.42,54.3,15,46,9
2024-12-17T03:58:11.661446Z,Quartier-1,19.41,80.05,52,41,7
2024-12-17T03:59:11.661446Z,Quartier-1,22.31,50.12,70,40,21
2024-12-17T04:00:11.661446Z,Quartier-4,19.55,75.18,62,42,22
2024-12-17T04:01:11.661446Z,Quartier-4,24.2,31.18,55,45,3
2024-12-17T04:02:11.661446Z,Quartier-5,22.49,43.95,48,53,30
2024-12-17T04:03:11.661446Z,Quartier-3,18.52,83.84,121,46,27
2024-12-17T04:04:11.661446Z,Quartier-2,23.06,56.86,16,32,4
2024-12-17T04:05:11.661446Z,Quartier-4,20.1,82.26,94,50,11
2024-12-17T04:06:11.661446Z,Quartier-3,22.73,42.63,78,25,29
2024-12-17T04:07:11.661446Z,Quartier-5,20.26,79.7,43,25,4
2024-12-17T04:08:11.661446Z,Quartier-1,20.79,81.91,64,49,11
2024-12-17T04:09:11.661446Z,Quartier-2,19.72,76.96,51,38,3
2024-12-17T04:10:11.661446Z,Quartier-1,20.24,76.39,53,42,11
2024-12-17T04:11:11.661446Z,Quartier-5,22.34,51.85,11,59,25
2024-12-17T04:12:11.661446Z,Quartier-5,24.22,38.51,21,40,9
2024-12-17T04:13:11.661446Z,Quartier-4,18.87,72.62,97,50,13
2024-12-17T04:14:11.661446Z,Quartier-3,24.02,34.96,53,44,29
2024-12-17T04:15:11.661446Z,Quartier-3,23.68,58.02,81,47,23
2024-12-17T04:16:11.661446Z,Quartier-1,19.62,75.38,65,47,25
2024-12-17T04:17:11.661446Z,Quartier-5,23.89,51.14,30,47,29
2024-12-17T04:18:11.661446Z,Quartier-2,20.96,88.62,70,31,3
2024-12-17T04:19:11.661446Z,Quartier-2,19.93,86.5,25,36,20
2024-12-17T04:20:11.661446Z,Quartier-2,18.59,81.2,12,31,16
2024-12-17T04:21:11.661446Z,Quartier-5,23.26,47.58,6,59,26
2024-12-17T04:22:11.661446Z,Quartier-4,23.93,51.99,56,43,23
2024-12-17T04:23:11.661446Z,Quartier-5,21.56,70.22,14,33,22
2024-12-17T04:24:11.661446Z,Quartier-5,23.25,56.66,36,58,19
2024-12-17T04:25:11.661446Z,Quartier-3,19.63,83.24,106,59,12
2024-12-17T04:26:11.661446Z,Quartier-3,21.32,78.21,84,36,28
2024-12-17T04:27:11.661446Z,Quartier-5,21.24,76.7,19,24,27
2024-12-17T04:28:11.661446Z,Quartier-1,18.66,85.04,88,44,17
2024-12-17T04:29:11.661446Z,Quartier-3,19.21,85.47,121,51,2
2024-12-17T04:30:11.661446Z,Quartier-2,22.84,50.1,70,35,28
2024-12-17T04:31:11.661446Z,Quartier-1,21.99,85.2,96,41,13
2024-12-17T04:32:11.661446Z,Quartier-3,19.91,81.68,141,39,3
2024-12-17T04:33:11.661446Z,Quartier-1,22.41,31.5,90,46,24
2024-12-17T04:34:11.661446Z,Quartier-3,24.82,56.31,61,60,16
2024-12-17T04:35:11.661446Z,Quartier-3,23.03,38.18,127,60,4
2024-12-17T04:36:11.661446Z,Quartier-5,18.2,71.7,49,52,8
2024-12-17T04:37:11.661446Z,Quartier-1,20.88,80.47,93,43,1
2024-12-17T04:38:11.661446Z,Quartier-2,21.18,86.65,27,37,14
2024-12-17T04:39:11.661446Z,Quartier-4,23.5,45.97,56,41,14
2024-12-17T04:40:11.661446Z,Quartier-4,24.2,35.95,61,43,4
2024-12-17T04:41:11.661446Z,Quartier-3,23.73,44.11,139,59,19
2024-12-17T04:42:11.661446Z,Quartier-1,21.5,71.29,99,40,5
2024-12-17T04:43:11.661446Z,Quartier-2,24.57,52.14,37,47,25
2024-12-17T04:44:11.661446Z,Quartier-4,24.35,36.98,56,45,7
2024-12-17T04:45:11.661446Z,Quartier-2,20.66,87.8,70,33,25
2024-12-17T04:46:11.661446Z,Quartier-1,22.04,40.85,65,49,21
2024-12-17T04:47:11.661446Z,Quartier-2,19.03,86.31,19,30,30
2024-12-17T04:48:11.661446Z,Quartier-1,19.99,79.45,50,40,3
2024-12-17T04:49:11.661446Z,Quartier-5,23.61,51.85,26,20,29
2024-12-17T04:50:11.661446Z,Quartier-1,18.82,81.56,93,49,8
2024-12-17T04:51:11.661446Z,Quartier-1,21.74,73.45,87,40,9
2024-12-17T04:52:11.661446Z,Quartier-1,21.37,85.03,68,50,25
2024-12-17T04:53:11.661446Z,Quartier-3,23.95,44.64,99,47,28
2024-12-17T04:54:11.661446Z,Quartier-1,24.13,46.83,85,43,5
2024-12-17T04:55:11.661446Z,Quartier-2,21.45,80.32,37,47,13
2024-12-17T04:56:11.661446Z,Quartier-2,20.95,82.05,71,30,15
2024-12-17T04:57:11.661446Z,Quartier-3,22.23,37.94,95,39,25
2024-12-17T04:58:11.661446Z,Quartier-3,22.35,51.67,149,52,11
2024-12-17T04:59:11.661446Z,Quartier-5,22.76,39.33,37,58,0
2024-12-17T05:00:11.661446Z,Quartier-5,19.97,88.98,18,45,7
2024-12-17T05:01:11.661446Z,Quartier-4,21.55,88.47,51,44,13
2024-12-17T05:02:11.661446Z,Quartier-4,22.46,44.02,92,48,5
2024-12-17T05:03:11.661446Z,Quartier-1,20.46,83.19,95,47,7
2024-12-17T05:04:11.661446Z,Quartier-3,24.19,41.93,90,31,18
2024-12-17T05:05:11.661446Z,Quartier-5,19.08,72.35,45,35,26
2024-12-17T05:06:11.661446Z,Quartier-2,19.15,73.33,35,49,9
2024-12-17T05:07:11.661446Z,Quartier-2,20.88,77.47,74,49,23
2024-12-17T05:08:11.661446Z,Quartier-5,21.21,90.0,11,30,1
2024-12-17T05:09:11.661446Z,Quartier-4,18.24,89.45,69,42,11
2024-12-17T05:10:11.661446Z,Quartier-1,21.25,87.53,77,47,14
2024-12-17T05:11:11.661446Z,Quartier-1,18.66,80.14,69,42,24
2024-12-17T05:12:11.661446Z,Quartier-2,24.02,54.54,71,40,30
2024-12-17T05:13:11.661446Z,Quartier-1,21.33,86.54,96,42,24
2024-12-17T05:14:11.661446Z,Quartier-1,23.27,35.29,76,45,22
2024-12-17T05:15:11.661446Z,Quartier-1,20.44,81.84,100,41,6
2024-12-17T05:16:11.661446Z,Quartier-4,22.13,50.15,69,49,23
2024-12-17T05:17:11.661446Z,Quartier-3,24.67,51.03,119,20,9
2024-12-17T05:18:11.661446Z,Quartier-3,20.99,84.18,93,22,18
2024-12-17T05:19:11.661446Z,Quartier-1,21.87,89.36,97,45,2
2024-12-17T05:20:11.661446Z,Quartier-3,22.78,30.96,109,35,22
2024-12-17T05:21:11.661446Z,Quartier-2,24.68,50.12,76,40,17
2024-12-17T05:22:11.661446Z,Quartier-2,19.24,71.92,21,45,21
2024-12-17T05:23:11.661446Z,Quartier-5,20.57,78.71,11,29,22
2024-12-17T05:24:11.661446Z,Quartier-4,19.51,86.46,83,42,18
2024-12-17T05:25:11.661446Z,Quartier-1,21.93,85.57,64,41,2
2024-12-17T05:26:11.661446Z,Quartier-2,19.93,85.83,31,32,17
2024-12-17T05:27:11.661446Z,Quartier-5,18.4,71.09,11,49,11
2024-12-17T05:28:11.661446Z,Quartier-4,24.23,38.18,62,44,6
2024-12-17T05:29:11.661446Z,Quartier-1,24.95,37.79,68,43,25
2024-12-17T05:30:11.661446Z,Quartier-3,23.44,40.4,86,20,29
2024-12-17T05:31:11.661446Z,Quartier-1,18.74,72.29,83,44,20
2024-12-17T05:32:11.661446Z,Quartier-1,20.51,85.6,60,44,27
2024-12-17T05:33:11.661446Z,Quartier-2,21.42,72.82,55,47,5
2024-12-17T05:34:11.661446Z,Quartier-5,23.75,48.58,33,42,3
2024-12-17T05:35:11.661446Z,Quartier-1,23.72,47.29,99,45,14
2024-12-17T05:36:11.661446Z,Quartier-3,20.9,79.66,74,29,24
2024-12-17T05:37:11.661446Z,Quartier-1,20.83,76.28,75,42,8
2024-12-17T05:38:11.661446Z,Quartier-5,22.07,40.49,36,44,26
2024-12-17T05:39:11.661446Z,Quartier-2,23.48,59.7,73,39,24
2024-12-17T05:40:11.661446Z,Quartier-5,22.36,53.8,46,41,20
2024-12-17T05:41:11.661446Z,Quartier-1,24.93,48.11,89,49,6
2024-12-17T05:42:11.661446Z,Quartier-3,19.68,87.81,59,50,12
2024-12-17T05:43:11.661446Z,Quartier-1,19.38,71.53,61,50,30
2024-12-17T05:44:11.661446Z,Quartier-4,18.92,86.76,51,48,16
2024-12-17T05:45:11.661446Z,Quartier-3,18.31,83.14,121,25,6
2024-12-17T05:46:11.661446Z,Quartier-3,24.27,59.93,101,29,14
2024-12-17T05:47:11.661446Z,Quartier-5,21.84,88.63,50,59,23
2024-12-17T05:48:11.661446Z,Quartier-3,20.39,88.8,82,56,24
2024-12-17T05:49:11.661446Z,Quartier-1,19.88,89.07,55,41,8
2024-12-17T05:50:11.661446Z,Quartier-2,22.42,43.99,49,31,16
2024-12-17T05:51:11.661446Z,Quartier-2,20.35,89.76,58,49,9
2024-12-17T05:52:11.661446Z,Quartier-1,22.88,56.48,62,50,27
2024-12-17T05:53:11.661446Z,Quartier-3,21.0,78.91,51,42,8
2024-12-17T05:54:11.661446Z,Quartier-1,20.46,70.93,69,48,21
2024-12-17T05:55:11.661446Z,Quartier-2,24.42,40.56,12,42,16
2024-12-17T05:56:11.661446Z,Quartier-3,20.65,80.03,66,23,29
2024-12-17T05:57:11.661446Z,Quartier-5,18.78,82.2,13,38,10
2024-12-17T05:58:11.661446Z,Quartier-3,19.14,80.89,116,59,3
2024-12-17T05:59:11.661446Z,Quartier-3,22.47,49.57,142,53,21
2024-12-17T06:00:11.661446Z,Quartier-2,31.23,46.1,68,43,60
2024-12-17T06:01:11.661446Z,Quartier-4,34.89,44.04,77,46,50
2024-12-17T06:02:11.661446Z,Quartier-4,29.76,49.33,71,45,92
2024-12-17T06:03:11.661446Z,Quartier-1,29.61,58.93,59,49,59
2024-12-17T06:04:11.661446Z,Quartier-5,27.05,31.93,11,54,46
2024-12-17T06:05:11.661446Z,Quartier-4,26.44,37.14,92,45,94
2024-12-17T06:06:11.661446Z,Quartier-5,25.25,59.64,48,44,76
2024-12-17T06:07:11.661446Z,Quartier-2,33.31,48.31,47,45,92
2024-12-17T06:08:11.661446Z,Quartier-2,29.06,42.11,64,33,51
2024-12-17T06:09:11.661446Z,Quartier-5,27.91,40.12,41,29,44
2024-12-17T06:10:11.661446Z,Quartier-2,30.57,43.47,10,30,75
2024-12-17T06:11:11.661446Z,Quartier-2,29.32,46.45,75,44,97
2024-12-17T06:12:11.661446Z,Quartier-4,30.38,37.76,53,47,72
2024-12-17T06:13:11.661446Z,Quartier-5,29.64,46.44,17,57,40
2024-12-17T06:14:11.661446Z,Quartier-5,25.52,38.24,5,56,40
2024-12-17T06:15:11.661446Z,Quartier-4,32.68,45.74,63,45,53
2024-12-17T06:16:11.661446Z,Quartier-4,28.79,47.45,82,41,86
2024-12-17T06:17:11.661446Z,Quartier-1,28.78,33.13,57,50,93
2024-12-17T06:18:11.661446Z,Quartier-3,31.03,31.2,97,31,77
2024-12-17T06:19:11.661446Z,Quartier-5,34.6,46.31,5,45,43
2024-12-17T06:20:11.661446Z,Quartier-2,33.02,53.88,26,46,58
2024-12-17T06:21:11.661446Z,Quartier-3,32.12,42.16,117,39,87
2024-12-17T06:22:11.661446Z,Quartier-3,33.91,45.33,142,55,100
2024-12-17T06:23:11.661446Z,Quartier-1,34.57,37.33,77,48,97
2024-12-17T06:24:11.661446Z,Quartier-1,29.42,47.76,89,46,79
2024-12-17T06:25:11.661446Z,Quartier-3,29.6,51.93,106,37,71
2024-12-17T06:26:11.661446Z,Quartier-2,34.92,30.84,51,37,99
2024-12-17T06:27:11.661446Z,Quartier-3,26.49,42.62,149,36,83
2024-12-17T06:28:11.661446Z,Quartier-4,27.09,41.78,85,44,43
2024-12-17T06:29:11.661446Z,Quartier-5,30.51,37.8,30,58,52
2024-12-17T06:30:11.661446Z,Quartier-2,30.3,45.1,16,41,60
2024-12-17T06:31:11.661446Z,Quartier-4,34.4,51.55,72,42,58
2024-12-17T06:32:11.661446Z,Quartier-2,25.48,51.26,44,48,44
2024-12-17T06:33:11.661446Z,Quartier-1,29.54,30.41,56,46,80
2024-12-17T06:34:11.661446Z,Quartier-3,25.27,33.26,86,43,41
2024-12-17T06:35:11.661446Z,Quartier-5,29.95,33.31,31,40,46
2024-12-17T06:36:11.661446Z,Quartier-5,27.94,39.27,12,57,82
2024-12-17T06:37:11.661446Z,Quartier-4,30.73,48.32,60,42,64
2024-12-17T06:38:11.661446Z,Quartier-1,34.1,58.2,92,43,70
2024-12-17T06:39:11.661446Z,Quartier-1,33.63,34.41,93,49,81
2024-12-17T06:40:11.661446Z,Quartier-4,30.2,58.23,70,48,47
2024-12-17T06:41:11.661446Z,Quartier-2,25.62,45.89,25,40,86
2024-12-17T06:42:11.661446Z,Quartier-5,25.91,45.0,25,41,92
2024-12-17T06:43:11.661446Z,Quartier-3,29.99,58.24,125,49,52
2024-12-17T06:44:11.661446Z,Quartier-2,34.46,30.74,19,50,83
2024-12-17T06:45:11.661446Z,Quartier-5,30.6,54.65,41,49,66
2024-12-17T06:46:11.661446Z,Quartier-1,25.01,38.31,65,42,95
2024-12-17T06:47:11.661446Z,Quartier-3,30.48,41.82,60,54,88
2024-12-17T06:48:11.661446Z,Quartier-5,34.69,40.35,48,55,89
2024-12-17T06:49:11.661446Z,Quartier-3,32.06,31.38,122,57,65
2024-12-17T06:50:11.661446Z,Quartier-3,27.2,49.29,125,52,63
2024-12-17T06:51:11.661446Z,Quartier-1,33.08,59.03,62,42,40
2024-12-17T06:52:11.661446Z,Quartier-4,32.06,55.25,96,48,60
2024-12-17T06:53:11.661446Z,Quartier-5,26.06,37.84,35,56,94
2024-12-17T06:54:11.661446Z,Quartier-1,32.67,40.27,61,49,41
2024-12-17T06:55:11.661446Z,Quartier-5,25.53,54.24,41,40,86
2024-12-17T06:56:11.661446Z,Quartier-2,29.03,32.23,54,44,80
2024-12-17T06:57:11.661446Z,Quartier-4,31.33,56.7,77,45,92
2024-12-17T06:58:11.661446Z,Quartier-5,28.82,38.23,19,57,51
2024-12-17T06:59:11.661446Z,Quartier-1,25.08,48.65,63,43,81
2024-12-17T07:00:11.661446Z,Quartier-3,25.94,41.95,96,60,75
2024-12-17T07:01:11.661446Z,Quartier-3,33.64,46.77,139,52,62
2024-12-17T07:02:11.661446Z,Quartier-5,29.44,30.28,26,57,66
2024-12-17T07:03:11.661446Z,Quartier-5,26.39,34.96,15,59,73
2024-12-17T07:04:11.661446Z,Quartier-3,28.31,49.26,60,57,92
2024-12-17T07:05:11.661446Z,Quartier-1,31.74,31.72,180,80,58
2024-12-17T07:06:11.661446Z,Quartier-2,28.31,49.63,26,31,70
2024-12-17T07:07:11.661446Z,Quartier-5,25.78,56.36,41,39,95
2024-12-17T07:08:11.661446Z,Quartier-5,34.94,57.0,25,53,79
2024-12-17T07:09:11.661446Z,Quartier-4,27.81,57.67,86,76,41
2024-12-17T07:10:11.661446Z,Quartier-2,33.36,44.44,25,43,53
2024-12-17T07:11:11.661446Z,Quartier-2,26.91,53.31,24,37,96
2024-12-17T07:12:11.661446Z,Quartier-4,29.89,38.22,100,81,88
2024-12-17T07:13:11.661446Z,Quartier-3,32.33,32.71,105,26,49
2024-12-17T07:14:11.661446Z,Quartier-3,32.08,40.01,51,31,58
2024-12-17T07:15:11.661446Z,Quartier-1,26.04,31.47,116,72,60
2024-12-17T07:16:11.661446Z,Quartier-3,27.66,39.31,142,30,82
2024-12-17T07:17:11.661446Z,Quartier-1,27.41,30.84,124,66,81
2024-12-17T07:18:11.661446Z,Quartier-4,32.23,41.65,132,82,60
2024-12-17T07:19:11.661446Z,Quartier-2,27.2,30.11,51,49,72
2024-12-17T07:20:11.661446Z,Quartier-5,25.07,38.85,21,39,70
2024-12-17T07:21:11.661446Z,Quartier-5,26.91,45.45,13,39,90
2024-12-17T07:22:11.661446Z,Quartier-4,29.24,47.96,128,95,60
2024-12-17T07:23:11.661446Z,Quartier-3,28.33,33.99,135,46,52
2024-12-17T07:24:11.661446Z,Quartier-1,30.66,45.8,73,87,97
2024-12-17T07:25:11.661446Z,Quartier-5,30.38,49.04,15,50,71
2024-12-17T07:26:11.661446Z,Quartier-4,34.39,49.82,80,97,97
2024-12-17T07:27:11.661446Z,Quartier-2,30.69,33.77,40,50,64
2024-12-17T07:28:11.661446Z,Quartier-2,25.35,51.93,16,41,71
2024-12-17T07:29:11.661446Z,Quartier-3,25.94,54.88,122,54,82
2024-12-17T07:30:11.661446Z,Quartier-4,33.41,32.4,172,80,85
2024-12-17T07:31:11.661446Z,Quartier-4,25.68,42.39,189,99,99
2024-12-17T07:32:11.661446Z,Quartier-2,27.27,43.78,16,44,61
2024-12-17T07:33:11.661446Z,Quartier-2,33.73,42.8,56,36,96
2024-12-17T07:34:11.661446Z,Quartier-2,29.28,47.05,20,35,89
2024-12-17T07:35:11.661446Z,Quartier-4,26.7,44.95,148,67,44
2024-12-17T07:36:11.661446Z,Quartier-3,30.4,31.12,112,26,79
2024-12-17T07:37:11.661446Z,Quartier-5,33.96,39.15,32,21,40
2024-12-17T07:38:11.661446Z,Quartier-3,29.39,33.65,91,60,70
2024-12-17T07:39:11.661446Z,Quartier-1,27.96,53.1,76,84,97
2024-12-17T07:40:11.661446Z,Quartier-5,33.79,38.1,35,59,57
2024-12-17T07:41:11.661446Z,Quartier-4,29.22,48.66,99,68,63
2024-12-17T07:42:11.661446Z,Quartier-4,28.1,35.4,154,99,82
2024-12-17T07:43:11.661446Z,Quartier-3,31.66,39.63,127,31,79
2024-12-17T07:44:11.661446Z,Quartier-2,26.88,41.88,41,42,82
2024-12-17T07:45:11.661446Z,Quartier-1,33.13,44.86,93,80,73
2024-12-17T07:46:11.661446Z,Quartier-4,28.54,54.09,64,73,76
2024-12-17T07:47:11.661446Z,Quartier-4,33.87,59.01,76,67,52
2024-12-17T07:48:11.661446Z,Quartier-2,28.72,34.89,19,50,67
2024-12-17T07:49:11.661446Z,Quartier-3,30.42,32.48,130,40,79
2024-12-17T07:50:11.661446Z,Quartier-5,26.67,34.43,9,40,52
2024-12-17T07:51:11.661446Z,Quartier-1,25.62,44.27,63,69,74
2024-12-17T07:52:11.661446Z,Quartier-5,29.01,47.15,45,55,64
2024-12-17T07:53:11.661446Z,Quartier-5,33.71,30.76,45,46,59
2024-12-17T07:54:11.661446Z,Quartier-2,28.94,54.64,78,43,53
2024-12-17T07:55:11.661446Z,Quartier-3,30.26,47.89,58,27,87
2024-12-17T07:56:11.661446Z,Quartier-3,32.02,37.06,146,58,44
2024-12-17T07:57:11.661446Z,Quartier-3,25.94,54.85,98,40,81
2024-12-17T07:58:11.661446Z,Quartier-1,31.64,41.82,154,85,72
2024-12-17T07:59:11.661446Z,Quartier-1,34.48,43.69,192,92,96
2024-12-17T08:00:11.661446Z,Quartier-2,26.58,46.34,80,37,94
2024-12-17T08:01:11.661446Z,Quartier-5,29.56,50.75,34,30,69
2024-12-17T08:02:11.661446Z,Quartier-2,31.46,37.98,60,42,60
2024-12-17T08:03:11.661446Z,Quartier-1,32.6,56.51,110,65,68
2024-12-17T08:04:11.661446Z,Quartier-3,33.93,56.27,139,28,53
2024-12-17T08:05:11.661446Z,Quartier-3,31.79,49.32,149,27,72
2024-12-17T08:06:11.661446Z,Quartier-2,29.52,58.83,44,33,86
2024-12-17T08:07:11.661446Z,Quartier-4,30.72,41.44,189,99,56
2024-12-17T08:08:11.661446Z,Quartier-3,28.6,51.4,83,57,40
2024-12-17T08:09:11.661446Z,Quartier-3,32.85,59.93,128,22,69
2024-12-17T08:10:11.661446Z,Quartier-4,34.98,57.83,162,88,93
2024-12-17T08:11:11.661446Z,Quartier-5,33.7,45.58,7,57,54
2024-12-17T08:12:11.661446Z,Quartier-5,33.22,43.76,7,42,88
2024-12-17T08:13:11.661446Z,Quartier-5,27.48,34.3,44,31,86
2024-12-17T08:14:11.661446Z,Quartier-2,33.98,41.98,76,30,78
2024-12-17T08:15:11.661446Z,Quartier-4,29.7,35.07,111,90,52
2024-12-17T08:16:11.661446Z,Quartier-4,26.47,53.91,60,79,45
2024-12-17T08:17:11.661446Z,Quartier-5,26.24,36.76,12,43,63
2024-12-17T08:18:11.661446Z,Quartier-3,30.59,45.21,119,37,78
2024-12-17T08:19:11.661446Z,Quartier-1,29.85,43.91,95,71,78
2024-12-17T08:20:11.661446Z,Quartier-4,27.78,49.43,186,71,87
2024-12-17T08:21:11.661446Z,Quartier-2,33.81,44.71,22,39,61
2024-12-17T08:22:11.661446Z,Quartier-3,25.37,53.52,60,25,51
2024-12-17T08:23:11.661446Z,Quartier-2,30.29,35.08,75,43,89
2024-12-17T08:24:11.661446Z,Quartier-5,33.13,45.53,22,37,98
2024-12-17T08:25:11.661446Z,Quartier-2,29.42,38.65,11,45,88
2024-12-17T08:26:11.661446Z,Quartier-5,27.43,36.7,5,54,77
2024-12-17T08:27:11.661446Z,Quartier-3,27.38,51.39,121,35,89
2024-12-17T08:28:11.661446Z,Quartier-5,32.0,49.2,6,41,41
2024-12-17T08:29:11.661446Z,Quartier-1,27.33,46.62,168,92,56
2024-12-17T08:30:11.661446Z,Quartier-1,34.48,36.04,152,68,64
2024-12-17T08:31:11.661446Z,Quartier-4,34.39,32.31,93,69,72
2024-12-17T08:32:11.661446Z,Quartier-5,29.05,42.51,26,36,63
2024-12-17T08:33:11.661446Z,Quartier-2,25.37,52.28,74,32,93
2024-12-17T08:34:11.661446Z,Quartier-2,25.76,38.24,72,40,45
2024-12-17T08:35:11.661446Z,Quartier-2,34.76,41.87,61,48,55
2024-12-17T08:36:11.661446Z,Quartier-5,27.2,50.45,16,46,68
2024-12-17T08:37:11.661446Z,Quartier-2,31.16,42.7,36,32,86
2024-12-17T08:38:11.661446Z,Quartier-1,33.14,49.04,56,92,53
2024-12-17T08:39:11.661446Z,Quartier-5,25.25,39.85,48,58,63
2024-12-17T08:40:11.661446Z,Quartier-2,34.9,50.76,10,42,92
2024-12-17T08:41:11.661446Z,Quartier-4,33.47,49.58,96,89,82
2024-12-17T08:42:11.661446Z,Quartier-5,30.03,58.06,37,37,60
2024-12-17T08:43:11.661446Z,Quartier-5,32.94,59.82,21,34,43
2024-12-17T08:44:11.661446Z,Quartier-4,33.0,40.85,197,98,52
2024-12-17T08:45:11.661446Z,Quartier-5,32.85,53.94,42,37,90
2024-12-17T08:46:11.661446Z,Quartier-5,27.67,43.76,45,23,82
2024-12-17T08:47:11.661446Z,Quartier-1,32.98,57.99,93,93,47
2024-12-17T08:48:11.661446Z,Quartier-3,28.04,40.01,114,40,43
2024-12-17T08:49:11.661446Z,Quartier-4,26.14,35.31,147,68,91
2024-12-17T08:50:11.661446Z,Quartier-5,32.41,43.03,45,39,58
2024-12-17T08:51:11.661446Z,Quartier-3,29.92,31.29,125,47,51
2024-12-17T08:52:11.661446Z,Quartier-1,26.34,32.52,127,63,56
2024-12-17T08:53:11.661446Z,Quartier-2,32.81,32.56,47,37,49
2024-12-17T08:54:11.661446Z,Quartier-3,28.61,31.0,148,33,86
2024-12-17T08:55:11.661446Z,Quartier-1,27.27,53.67,57,95,98
2024-12-17T08:56:11.661446Z,Quartier-2,25.77,40.62,42,34,89
2024-12-17T08:57:11.661446Z,Quartier-2,28.32,38.98,37,35,42
2024-12-17T08:58:11.661446Z,Quartier-4,28.5,56.92,147,93,61
2024-12-17T08:59:11.661446Z,Quartier-1,28.68,50.34,74,65,40
2024-12-17T09:00:11.661446Z,Quartier-2,32.25,41.8,57,43,94
2024-12-17T09:01:11.661446Z,Quartier-5,32.81,55.52,35,55,96
2024-12-17T09:02:11.661446Z,Quartier-1,28.97,41.07,76,86,96
2024-12-17T09:03:11.661446Z,Quartier-2,28.07,30.95,72,47,50
2024-12-17T09:04:11.661446Z,Quartier-1,32.5,46.81,56,90,78
2024-12-17T09:05:11.661446Z,Quartier-4,28.8,59.91,100,65,56
2024-12-17T09:06:11.661446Z,Quartier-3,25.37,53.65,102,26,97
2024-12-17T09:07:11.661446Z,Quartier-1,26.02,47.56,70,71,40
2024-12-17T09:08:11.661446Z,Quartier-2,30.68,46.8,41,39,48
2024-12-17T09:09:11.661446Z,Quartier-2,26.63,36.71,43,30,76
2024-12-17T09:10:11.661446Z,Quartier-3,33.49,35.69,108,41,85
2024-12-17T09:11:11.661446Z,Quartier-4,34.03,46.55,100,71,56
2024-12-17T09:12:11.661446Z,Quartier-5,28.79,51.41,40,31,47
2024-12-17T09:13:11.661446Z,Quartier-1,30.11,32.91,79,100,55
2024-12-17T09:14:11.661446Z,Quartier-3,33.46,45.71,76,40,52
2024-12-17T09:15:11.661446Z,Quartier-5,30.47,57.56,26,39,48
2024-12-17T09:16:11.661446Z,Quartier-5,28.28,53.46,50,48,90
2024-12-17T09:17:11.661446Z,Quartier-4,33.78,58.48,55,61,94
2024-12-17T09:18:11.661446Z,Quartier-5,30.3,47.1,31,37,78
2024-12-17T09:19:11.661446Z,Quartier-4,28.71,59.29,100,96,82
2024-12-17T09:20:11.661446Z,Quartier-4,25.39,43.57,55,78,56
2024-12-17T09:21:11.661446Z,Quartier-5,27.64,52.02,13,24,47
2024-12-17T09:22:11.661446Z,Quartier-3,30.04,41.61,72,45,83
2024-12-17T09:23:11.661446Z,Quartier-5,30.16,53.84,23,38,60
2024-12-17T09:24:11.661446Z,Quartier-1,33.22,37.17,81,79,93
2024-12-17T09:25:11.661446Z,Quartier-1,29.13,45.46,54,64,96
2024-12-17T09:26:11.661446Z,Quartier-3,29.1,49.79,107,23,49
2024-12-17T09:27:11.661446Z,Quartier-3,33.07,39.71,102,38,73
2024-12-17T09:28:11.661446Z,Quartier-4,26.53,46.09,74,79,87
2024-12-17T09:29:11.661446Z,Quartier-3,25.75,30.36,105,52,76
2024-12-17T09:30:11.661446Z,Quartier-2,30.37,59.91,21,45,89
2024-12-17T09:31:11.661446Z,Quartier-1,29.79,41.96,96,71,75
2024-12-17T09:32:11.661446Z,Quartier-4,30.75,56.0,52,88,85
2024-12-17T09:33:11.661446Z,Quartier-5,27.76,52.74,7,55,93
2024-12-17T09:34:11.661446Z,Quartier-5,25.25,34.21,45,31,72
2024-12-17T09:35:11.661446Z,Quartier-3,32.34,54.21,74,53,55
2024-12-17T09:36:11.661446Z,Quartier-4,29.87,37.96,89,97,52
2024-12-17T09:37:11.661446Z,Quartier-2,26.02,37.98,24,48,41
2024-12-17T09:38:11.661446Z,Quartier-4,32.11,38.6,88,84,91
2024-12-17T09:39:11.661446Z,Quartier-4,28.28,56.04,84,94,87
2024-12-17T09:40:11.661446Z,Quartier-3,31.32,34.23,112,24,54
2024-12-17T09:41:11.661446Z,Quartier-5,30.38,43.92,48,54,58
2024-12-17T09:42:11.661446Z,Quartier-2,31.99,31.54,14,38,70
2024-12-17T09:43:11.661446Z,Quartier-2,32.95,41.58,63,32,87
2024-12-17T09:44:11.661446Z,Quartier-4,33.78,51.18,85,74,48
2024-12-17T09:45:11.661446Z,Quartier-1,27.54,52.66,70,93,57
2024-12-17T09:46:11.661446Z,Quartier-4,33.78,36.2,76,83,75
2024-12-17T09:47:11.661446Z,Quartier-2,29.33,54.08,17,37,70
2024-12-17T09:48:11.661446Z,Quartier-4,33.94,30.02,90,78,54
2024-12-17T09:49:11.661446Z,Quartier-4,30.41,46.21,52,62,89
2024-12-17T09:50:11.661446Z,Quartier-5,28.13,30.34,33,36,100
2024-12-17T09:51:11.661446Z,Quartier-2,34.59,51.49,34,46,87
2024-12-17T09:52:11.661446Z,Quartier-4,32.77,51.01,93,89,89
2024-12-17T09:53:11.661446Z,Quartier-5,29.08,49.27,17,48,50
2024-12-17T09:54:11.661446Z,Quartier-5,27.72,49.6,45,53,68
2024-12-17T09:55:11.661446Z,Quartier-2,32.43,33.03,62,42,83
2024-12-17T09:56:11.661446Z,Quartier-1,26.21,37.1,79,94,77
2024-12-17T09:57:11.661446Z,Quartier-5,27.69,31.39,43,25,89
2024-12-17T09:58:11.661446Z,Quartier-1,33.62,40.53,51,86,100
2024-12-17T09:59:11.661446Z,Quartier-2,28.1,45.87,78,44,73
2024-12-17T10:00:11.661446Z,Quartier-5,30.37,58.48,40,51,84
2024-12-17T10:01:11.661446Z,Quartier-5,29.73,45.63,19,43,100
2024-12-17T10:02:11.661446Z,Quartier-4,32.08,41.31,71,77,65
2024-12-17T10:03:11.661446Z,Quartier-5,26.87,34.93,30,31,74
2024-12-17T10:04:11.661446Z,Quartier-4,28.87,40.33,67,87,91
2024-12-17T10:05:11.661446Z,Quartier-1,31.45,39.05,79,82,100
2024-12-17T10:06:11.661446Z,Quartier-2,30.39,43.06,12,42,89
2024-12-17T10:07:11.661446Z,Quartier-5,28.69,42.17,49,44,58
2024-12-17T10:08:11.661446Z,Quartier-5,26.88,44.57,47,43,55
2024-12-17T10:09:11.661446Z,Quartier-1,26.8,40.36,83,84,93
2024-12-17T10:10:11.661446Z,Quartier-5,28.18,40.32,30,32,74
2024-12-17T10:11:11.661446Z,Quartier-3,28.65,43.29,96,23,49
2024-12-17T10:12:11.661446Z,Quartier-5,33.6,47.36,42,49,64
2024-12-17T10:13:11.661446Z,Quartier-5,25.98,30.28,50,32,43
2024-12-17T10:14:11.661446Z,Quartier-3,32.43,44.51,133,45,49
2024-12-17T10:15:11.661446Z,Quartier-1,26.24,59.48,95,66,72
2024-12-17T10:16:11.661446Z,Quartier-5,27.23,47.13,48,38,44
2024-12-17T10:17:11.661446Z,Quartier-1,29.21,32.42,55,89,59
2024-12-17T10:18:11.661446Z,Quartier-3,28.46,57.18,106,58,92
2024-12-17T10:19:11.661446Z,Quartier-2,28.82,33.3,27,40,72
2024-12-17T10:20:11.661446Z,Quartier-5,29.07,46.37,22,48,95
2024-12-17T10:21:11.661446Z,Quartier-4,31.51,31.62,86,91,88
2024-12-17T10:22:11.661446Z,Quartier-2,31.8,42.16,11,43,96
2024-12-17T10:23:11.661446Z,Quartier-4,26.36,58.43,58,91,99
2024-12-17T10:24:11.661446Z,Quartier-4,29.15,45.99,99,77,98
2024-12-17T10:25:11.661446Z,Quartier-4,27.28,57.07,91,95,73
2024-12-17T10:26:11.661446Z,Quartier-5,33.71,49.13,12,47,58
2024-12-17T10:27:11.661446Z,Quartier-3,32.13,41.85,68,57,59
2024-12-17T10:28:11.661446Z,Quartier-1,33.36,57.1,50,77,64
2024-12-17T10:29:11.661446Z,Quartier-2,26.28,36.91,69,35,44
2024-12-17T10:30:11.661446Z,Quartier-3,28.43,59.91,57,39,56
2024-12-17T10:31:11.661446Z,Quartier-4,29.07,41.23,86,77,80
2024-12-17T10:32:11.661446Z,Quartier-4,30.18,53.53,79,62,81
2024-12-17T10:33:11.661446Z,Quartier-5,32.19,40.22,39,49,40
2024-12-17T10:34:11.661446Z,Quartier-4,34.13,54.57,96,78,75
2024-12-17T10:35:11.661446Z,Quartier-4,29.75,42.43,64,86,74
2024-12-17T10:36:11.661446Z,Quartier-1,33.73,35.37,65,87,81
2024-12-17T10:37:11.661446Z,Quartier-5,30.02,40.62,31,50,40
2024-12-17T10:38:11.661446Z,Quartier-1,34.87,42.55,63,70,50
2024-12-17T10:39:11.661446Z,Quartier-4,26.22,43.7,96,75,55
2024-12-17T10:40:11.661446Z,Quartier-3,25.72,36.75,80,33,43
2024-12-17T10:41:11.661446Z,Quartier-4,30.28,54.99,96,90,41
2024-12-17T10:42:11.661446Z,Quartier-1,26.75,41.68,74,72,80
2024-12-17T10:43:11.661446Z,Quartier-1,32.21,56.22,96,100,70
2024-12-17T10:44:11.661446Z,Quartier-2,29.03,44.66,41,34,61
2024-12-17T10:45:11.661446Z,Quartier-5,31.58,53.34,39,28,78
2024-12-17T10:46:11.661446Z,Quartier-1,27.78,56.11,76,74,49
2024-12-17T10:47:11.661446Z,Quartier-2,32.84,38.28,43,34,83
2024-12-17T10:48:11.661446Z,Quartier-3,25.33,40.44,106,33,84
2024-12-17T10:49:11.661446Z,Quartier-5,31.1,43.78,39,58,96
2024-12-17T10:50:11.661446Z,Quartier-4,28.71,35.43,93,68,78
2024-12-17T10:51:11.661446Z,Quartier-3,33.01,43.35,145,37,82
2024-12-17T10:52:11.661446Z,Quartier-1,25.38,37.39,94,79,82
2024-12-17T10:53:11.661446Z,Quartier-3,27.1,40.68,76,24,90
2024-12-17T10:54:11.661446Z,Quartier-2,32.75,39.55,61,37,41
2024-12-17T10:55:11.661446Z,Quartier-3,25.15,52.05,72,41,72
2024-12-17T10:56:11.661446Z,Quartier-3,26.89,48.43,144,58,75
2024-12-17T10:57:11.661446Z,Quartier-1,30.32,38.46,98,65,44
2024-12-17T10:58:11.661446Z,Quartier-1,33.73,39.14,57,90,43
2024-12-17T10:59:11.661446Z,Quartier-2,26.3,51.3,53,37,93
2024-12-17T11:00:11.661446Z,Quartier-5,25.58,51.72,39,52,83
2024-12-17T11:01:11.661446Z,Quartier-4,30.13,46.87,69,77,94
2024-12-17T11:02:11.661446Z,Quartier-5,26.02,32.26,39,49,61
2024-12-17T11:03:11.661446Z,Quartier-3,34.66,41.62,97,21,67
2024-12-17T11:04:11.661446Z,Quartier-4,31.46,52.17,76,69,62
2024-12-17T11:05:11.661446Z,Quartier-1,27.47,46.14,74,71,68
2024-12-17T11:06:11.661446Z,Quartier-5,27.32,38.99,5,55,51
2024-12-17T11:07:11.661446Z,Quartier-4,30.28,32.36,78,97,68
2024-12-17T11:08:11.661446Z,Quartier-4,25.2,37.89,75,72,47
2024-12-17T11:09:11.661446Z,Quartier-3,30.84,40.78,107,34,59
2024-12-17T11:10:11.661446Z,Quartier-1,27.03,50.43,83,99,59
2024-12-17T11:11:11.661446Z,Quartier-1,34.04,34.71,51,84,96
2024-12-17T11:12:11.661446Z,Quartier-5,29.62,47.16,44,31,99
2024-12-17T11:13:11.661446Z,Quartier-4,25.02,48.09,71,99,52
2024-12-17T11:14:11.661446Z,Quartier-1,30.56,46.68,93,99,53
2024-12-17T11:15:11.661446Z,Quartier-3,29.36,45.31,69,54,45
2024-12-17T11:16:11.661446Z,Quartier-3,27.99,54.69,135,59,58
2024-12-17T11:17:11.661446Z,Quartier-5,25.79,37.75,20,44,90
2024-12-17T11:18:11.661446Z,Quartier-1,28.66,45.34,63,98,57
2024-12-17T11:19:11.661446Z,Quartier-1,29.38,35.51,69,87,57
2024-12-17T11:20:11.661446Z,Quartier-1,26.01,40.16,94,99,76
2024-12-17T11:21:11.661446Z,Quartier-1,27.72,32.34,66,70,70
2024-12-17T11:22:11.661446Z,Quartier-5,32.33,51.19,6,37,89
2024-12-17T11:23:11.661446Z,Quartier-5,27.95,35.08,44,54,74
2024-12-17T11:24:11.661446Z,Quartier-2,28.95,39.97,62,35,40
2024-12-17T11:25:11.661446Z,Quartier-5,31.91,54.44,13,47,48
2024-12-17T11:26:11.661446Z,Quartier-4,28.06,51.79,87,72,61
2024-12-17T11:27:11.661446Z,Quartier-1,32.84,33.81,76,66,73
2024-12-17T11:28:11.661446Z,Quartier-5,27.88,46.69,26,54,51
2024-12-17T11:29:11.661446Z,Quartier-5,27.98,56.56,32,57,49
2024-12-17T11:30:11.661446Z,Quartier-2,30.68,38.67,60,32,43
2024-12-17T11:31:11.661446Z,Quartier-1,26.75,53.99,83,92,91
2024-12-17T11:32:11.661446Z,Quartier-5,34.55,33.67,35,43,69
2024-12-17T11:33:11.661446Z,Quartier-3,27.03,41.66,103,25,61
2024-12-17T11:34:11.661446Z,Quartier-4,31.67,45.56,95,77,48
2024-12-17T11:35:11.661446Z,Quartier-1,34.81,34.86,52,96,59
2024-12-17T11:36:11.661446Z,Quartier-2,30.13,40.8,49,30,65
2024-12-17T11:37:11.661446Z,Quartier-5,32.19,36.23,7,34,73
2024-12-17T11:38:11.661446Z,Quartier-3,26.85,43.84,92,24,72
2024-12-17T11:39:11.661446Z,Quartier-3,27.94,58.66,72,38,67
2024-12-17T11:40:11.661446Z,Quartier-2,26.04,35.21,79,36,85
2024-12-17T11:41:11.661446Z,Quartier-5,34.83,52.42,19,27,60
2024-12-17T11:42:11.661446Z,Quartier-5,28.96,49.92,32,35,46
2024-12-17T11:43:11.661446Z,Quartier-1,28.28,46.46,88,91,61
2024-12-17T11:44:11.661446Z,Quartier-3,30.24,55.93,120,53,62
2024-12-17T11:45:11.661446Z,Quartier-2,27.67,33.82,58,30,96
2024-12-17T11:46:11.661446Z,Quartier-2,27.12,31.32,41,44,43
2024-12-17T11:47:11.661446Z,Quartier-1,26.96,56.21,81,68,62
2024-12-17T11:48:11.661446Z,Quartier-1,32.38,40.24,100,70,67
2024-12-17T11:49:11.661446Z,Quartier-5,27.63,37.11,19,52,60
2024-12-17T11:50:11.661446Z,Quartier-4,30.21,58.33,73,65,89
2024-12-17T11:51:11.661446Z,Quartier-1,33.18,54.37,52,69,88
2024-12-17T11:52:11.661446Z,Quartier-2,33.62,45.79,18,34,77
2024-12-17T11:53:11.661446Z,Quartier-3,34.82,58.01,122,27,66
2024-12-17T11:54:11.661446Z,Quartier-1,31.93,30.03,71,65,82
2024-12-17T11:55:11.661446Z,Quartier-3,32.81,39.54,136,43,86
2024-12-17T11:56:11.661446Z,Quartier-3,32.79,32.46,91,59,47
2024-12-17T11:57:11.661446Z,Quartier-4,31.21,43.29,55,63,88
2024-12-17T11:58:11.661446Z,Quartier-3,28.09,59.72,54,40,49
2024-12-17T11:59:11.661446Z,Quartier-2,26.03,49.48,10,30,45
2024-12-17T12:00:11.661446Z,Quartier-3,34.34,31.36,51,33,99
2024-12-17T12:01:11.661446Z,Quartier-3,34.92,48.27,53,52,72
2024-12-17T12:02:11.661446Z,Quartier-2,29.77,35.3,44,38,47
2024-12-17T12:03:11.661446Z,Quartier-5,28.55,48.97,12,39,97
2024-12-17T12:04:11.661446Z,Quartier-4,27.33,49.72,75,75,40
2024-12-17T12:05:11.661446Z,Quartier-2,32.95,46.48,19,30,49
2024-12-17T12:06:11.661446Z,Quartier-2,26.15,38.06,11,49,73
2024-12-17T12:07:11.661446Z,Quartier-1,28.75,52.79,95,66,81
2024-12-17T12:08:11.661446Z,Quartier-5,34.48,32.68,41,56,84
2024-12-17T12:09:11.661446Z,Quartier-1,34.74,48.83,80,79,50
2024-12-17T12:10:11.661446Z,Quartier-4,29.34,50.83,57,73,90
2024-12-17T12:11:11.661446Z,Quartier-3,30.04,48.24,99,52,47
2024-12-17T12:12:11.661446Z,Quartier-2,32.61,37.39,18,38,61
2024-12-17T12:13:11.661446Z,Quartier-5,34.24,56.63,46,38,58
2024-12-17T12:14:11.661446Z,Quartier-2,34.01,30.07,28,39,46
2024-12-17T12:15:11.661446Z,Quartier-4,26.39,48.83,70,85,61
2024-12-17T12:16:11.661446Z,Quartier-1,31.89,38.63,51,63,72
2024-12-17T12:17:11.661446Z,Quartier-3,29.86,47.9,110,54,43
2024-12-17T12:18:11.661446Z,Quartier-3,29.36,34.85,72,32,66
2024-12-17T12:19:11.661446Z,Quartier-3,30.05,50.77,108,38,91
2024-12-17T12:20:11.661446Z,Quartier-1,27.28,58.23,81,92,72
2024-12-17T12:21:11.661446Z,Quartier-5,29.87,40.68,25,38,83
2024-12-17T12:22:11.661446Z,Quartier-2,33.17,39.02,31,38,76
2024-12-17T12:23:11.661446Z,Quartier-1,33.37,43.04,94,96,84
2024-12-17T12:24:11.661446Z,Quartier-1,33.6,41.77,86,95,91
2024-12-17T12:25:11.661446Z,Quartier-1,32.21,59.0,88,79,43
2024-12-17T12:26:11.661446Z,Quartier-2,34.47,58.12,41,43,62
2024-12-17T12:27:11.661446Z,Quartier-2,30.38,52.68,43,35,74
2024-12-17T12:28:11.661446Z,Quartier-4,31.67,47.83,60,91,84
2024-12-17T12:29:11.661446Z,Quartier-5,31.03,42.03,43,40,87
2024-12-17T12:30:11.661446Z,Quartier-3,32.89,55.31,133,23,87
2024-12-17T12:31:11.661446Z,Quartier-3,26.67,44.23,59,53,96
2024-12-17T12:32:11.661446Z,Quartier-3,29.86,42.91,149,46,40
2024-12-17T12:33:11.661446Z,Quartier-5,28.67,39.74,39,42,62
2024-12-17T12:34:11.661446Z,Quartier-5,26.07,38.51,36,40,81
2024-12-17T12:35:11.661446Z,Quartier-1,29.92,56.49,99,97,70
2024-12-17T12:36:11.661446Z,Quartier-5,32.65,59.44,23,46,42
2024-12-17T12:37:11.661446Z,Quartier-2,29.02,54.54,74,43,96
2024-12-17T12:38:11.661446Z,Quartier-2,34.07,56.1,11,33,76
2024-12-17T12:39:11.661446Z,Quartier-1,32.3,55.9,88,81,47
2024-12-17T12:40:11.661446Z,Quartier-5,32.92,35.84,46,20,65
2024-12-17T12:41:11.661446Z,Quartier-1,33.34,49.62,96,94,60
2024-12-17T12:42:11.661446Z,Quartier-2,32.07,54.54,74,32,64
2024-12-17T12:43:11.661446Z,Quartier-4,28.08,42.66,69,83,77
2024-12-17T12:44:11.661446Z,Quartier-1,26.96,53.01,95,90,76
2024-12-17T12:45:11.661446Z,Quartier-2,27.52,45.1,57,33,44
2024-12-17T12:46:11.661446Z,Quartier-2,28.81,41.86,10,37,82
2024-12-17T12:47:11.661446Z,Quartier-3,26.19,47.35,69,41,49
2024-12-17T12:48:11.661446Z,Quartier-5,30.56,46.85,22,23,69
2024-12-17T12:49:11.661446Z,Quartier-1,33.96,52.94,82,100,55
2024-12-17T12:50:11.661446Z,Quartier-3,32.94,34.0,65,45,49
2024-12-17T12:51:11.661446Z,Quartier-2,30.98,47.53,44,49,89
2024-12-17T12:52:11.661446Z,Quartier-3,30.97,34.99,83,55,67
2024-12-17T12:53:11.661446Z,Quartier-1,33.98,59.69,87,94,89
2024-12-17T12:54:11.661446Z,Quartier-1,28.16,59.49,59,64,85
2024-12-17T12:55:11.661446Z,Quartier-1,33.88,44.52,79,61,43
2024-12-17T12:56:11.661446Z,Quartier-1,30.71,55.99,88,89,45
2024-12-17T12:57:11.661446Z,Quartier-5,30.72,56.25,8,25,98
2024-12-17T12:58:11.661446Z,Quartier-3,26.04,53.63,71,21,60
2024-12-17T12:59:11.661446Z,Quartier-5,34.15,34.98,8,29,82
2024-12-17T13:00:11.661446Z,Quartier-2,33.56,59.24,27,45,73
2024-12-17T13:01:11.661446Z,Quartier-1,29.63,51.64,52,66,61
2024-12-17T13:02:11.661446Z,Quartier-5,30.19,50.41,42,49,89
2024-12-17T13:03:11.661446Z,Quartier-3,34.26,50.59,90,59,82
2024-12-17T13:04:11.661446Z,Quartier-3,29.49,39.0,115,32,97
2024-12-17T13:05:11.661446Z,Quartier-4,28.59,33.22,85,96,85
2024-12-17T13:06:11.661446Z,Quartier-2,33.0,40.89,26,47,64
2024-12-17T13:07:11.661446Z,Quartier-5,33.84,34.2,39,57,100
2024-12-17T13:08:11.661446Z,Quartier-1,34.67,34.21,78,87,54
2024-12-17T13:09:11.661446Z,Quartier-2,25.58,47.43,29,45,94
2024-12-17T13:10:11.661446Z,Quartier-5,27.47,54.87,12,58,64
2024-12-17T13:11:11.661446Z,Quartier-2,28.79,32.04,33,48,70
2024-12-17T13:12:11.661446Z,Quartier-4,30.31,58.85,56,71,68
2024-12-17T13:13:11.661446Z,Quartier-3,29.48,54.79,79,49,40
2024-12-17T13:14:11.661446Z,Quartier-5,34.15,47.16,27,56,45
2024-12-17T13:15:11.661446Z,Quartier-3,32.69,37.38,113,54,73
2024-12-17T13:16:11.661446Z,Quartier-1,27.78,46.79,53,97,78
2024-12-17T13:17:11.661446Z,Quartier-3,27.59,38.19,111,23,42
2024-12-17T13:18:11.661446Z,Quartier-4,27.31,47.68,81,82,66
2024-12-17T13:19:11.661446Z,Quartier-3,30.81,37.94,98,60,83
2024-12-17T13:20:11.661446Z,Quartier-2,33.74,55.8,76,39,98
2024-12-17T13:21:11.661446Z,Quartier-3,31.9,39.35,86,56,72
2024-12-17T13:22:11.661446Z,Quartier-2,31.58,40.87,71,36,94
2024-12-17T13:23:11.661446Z,Quartier-1,34.48,50.48,89,67,99
2024-12-17T13:24:11.661446Z,Quartier-4,32.7,32.87,88,82,90
2024-12-17T13:25:11.661446Z,Quartier-2,25.88,31.13,49,44,75
2024-12-17T13:26:11.661446Z,Quartier-3,29.9,42.75,96,28,96
2024-12-17T13:27:11.661446Z,Quartier-4,26.06,46.33,85,87,71
2024-12-17T13:28:11.661446Z,Quartier-3,30.46,36.1,73,54,79
2024-12-17T13:29:11.661446Z,Quartier-3,28.49,47.76,106,52,93
2024-12-17T13:30:11.661446Z,Quartier-1,26.28,51.43,62,92,80
2024-12-17T13:31:11.661446Z,Quartier-4,31.83,43.34,81,85,59
2024-12-17T13:32:11.661446Z,Quartier-3,25.07,30.52,72,60,74
2024-12-17T13:33:11.661446Z,Quartier-2,26.53,57.32,27,35,63
2024-12-17T13:34:11.661446Z,Quartier-1,32.24,49.01,84,90,71
2024-12-17T13:35:11.661446Z,Quartier-5,25.58,32.95,46,46,75
2024-12-17T13:36:11.661446Z,Quartier-4,32.65,52.37,55,93,99
2024-12-17T13:37:11.661446Z,Quartier-3,32.18,41.46,68,22,40
2024-12-17T13:38:11.661446Z,Quartier-3,26.65,31.23,116,48,59
2024-12-17T13:39:11.661446Z,Quartier-3,27.34,42.26,125,23,80
2024-12-17T13:40:11.661446Z,Quartier-5,30.02,35.57,19,52,99
2024-12-17T13:41:11.661446Z,Quartier-2,34.5,48.53,72,49,55
2024-12-17T13:42:11.661446Z,Quartier-5,28.74,42.1,32,45,66
2024-12-17T13:43:11.661446Z,Quartier-3,34.95,40.85,104,55,45
2024-12-17T13:44:11.661446Z,Quartier-5,34.39,36.2,16,34,99
2024-12-17T13:45:11.661446Z,Quartier-4,30.5,45.05,66,70,57
2024-12-17T13:46:11.661446Z,Quartier-4,27.13,46.58,66,86,93
2024-12-17T13:47:11.661446Z,Quartier-2,33.76,57.29,45,47,82
2024-12-17T13:48:11.661446Z,Quartier-5,33.8,53.48,39,38,88
2024-12-17T13:49:11.661446Z,Quartier-2,27.04,53.9,79,39,55
2024-12-17T13:50:11.661446Z,Quartier-5,27.32,50.99,6,32,76
2024-12-17T13:51:11.661446Z,Quartier-2,33.96,38.59,53,43,89
2024-12-17T13:52:11.661446Z,Quartier-4,32.05,45.73,98,92,55
2024-12-17T13:53:11.661446Z,Quartier-4,28.4,33.35,66,99,45
2024-12-17T13:54:11.661446Z,Quartier-4,32.6,41.94,63,92,99
2024-12-17T13:55:11.661446Z,Quartier-1,29.99,45.58,62,98,81
2024-12-17T13:56:11.661446Z,Quartier-4,29.79,59.37,83,72,100
2024-12-17T13:57:11.661446Z,Quartier-4,33.37,32.47,96,98,80
2024-12-17T13:58:11.661446Z,Quartier-2,33.35,32.32,65,32,64
2024-12-17T13:59:11.661446Z,Quartier-3,28.47,31.86,54,58,77
2024-12-17T14:00:11.661446Z,Quartier-5,25.5,45.22,48,54,47
2024-12-17T14:01:11.661446Z,Quartier-3,31.48,54.36,119,30,59
2024-12-17T14:02:11.661446Z,Quartier-3,33.29,59.93,55,31,77
2024-12-17T14:03:11.661446Z,Quartier-4,31.31,55.14,67,94,61
2024-12-17T14:04:11.661446Z,Quartier-3,27.87,52.26,146,31,53
2024-12-17T14:05:11.661446Z,Quartier-3,30.21,30.4,62,56,55
2024-12-17T14:06:11.661446Z,Quartier-3,30.54,35.02,116,49,73
2024-12-17T14:07:11.661446Z,Quartier-3,29.16,46.75,72,38,69
2024-12-17T14:08:11.661446Z,Quartier-1,27.05,47.98,56,85,83
2024-12-17T14:09:11.661446Z,Quartier-3,26.61,32.56,60,53,46
2024-12-17T14:10:11.661446Z,Quartier-5,33.79,48.87,19,44,94
2024-12-17T14:11:11.661446Z,Quartier-5,27.31,43.03,39,56,91
2024-12-17T14:12:11.661446Z,Quartier-1,29.01,45.42,68,90,64
2024-12-17T14:13:11.661446Z,Quartier-3,29.56,47.95,90,52,50
2024-12-17T14:14:11.661446Z,Quartier-5,33.57,46.15,50,28,71
2024-12-17T14:15:11.661446Z,Quartier-4,30.67,46.55,71,95,44
2024-12-17T14:16:11.661446Z,Quartier-5,30.75,40.4,33,33,46
2024-12-17T14:17:11.661446Z,Quartier-2,28.42,34.3,55,43,48
2024-12-17T14:18:11.661446Z,Quartier-3,31.64,31.96,133,60,65
2024-12-17T14:19:11.661446Z,Quartier-3,30.75,39.99,115,59,100
2024-12-17T14:20:11.661446Z,Quartier-3,33.6,45.35,108,22,40
2024-12-17T14:21:11.661446Z,Quartier-3,32.97,59.15,135,37,67
2024-12-17T14:22:11.661446Z,Quartier-4,27.14,56.07,62,94,78
2024-12-17T14:23:11.661446Z,Quartier-2,29.41,33.43,37,36,60
2024-12-17T14:24:11.661446Z,Quartier-2,27.99,49.61,28,34,44
2024-12-17T14:25:11.661446Z,Quartier-1,27.67,48.34,75,99,98
2024-12-17T14:26:11.661446Z,Quartier-1,28.06,36.75,79,91,98
2024-12-17T14:27:11.661446Z,Quartier-1,28.82,48.22,65,72,41
2024-12-17T14:28:11.661446Z,Quartier-3,28.4,55.34,106,34,65
2024-12-17T14:29:11.661446Z,Quartier-1,32.61,44.86,68,89,93
2024-12-17T14:30:11.661446Z,Quartier-1,25.82,36.69,62,68,97
2024-12-17T14:31:11.661446Z,Quartier-2,34.56,33.78,26,46,97
2024-12-17T14:32:11.661446Z,Quartier-2,27.41,45.52,47,45,52
2024-12-17T14:33:11.661446Z,Quartier-1,27.92,34.15,81,80,99
2024-12-17T14:34:11.661446Z,Quartier-4,29.25,34.29,94,92,91
2024-12-17T14:35:11.661446Z,Quartier-5,28.25,54.71,18,29,92
2024-12-17T14:36:11.661446Z,Quartier-4,28.91,34.34,51,60,49
2024-12-17T14:37:11.661446Z,Quartier-2,28.52,45.68,63,38,73
2024-12-17T14:38:11.661446Z,Quartier-2,32.36,54.75,35,32,45
2024-12-17T14:39:11.661446Z,Quartier-5,26.27,33.23,46,28,65
2024-12-17T14:40:11.661446Z,Quartier-3,29.78,35.68,98,41,74
2024-12-17T14:41:11.661446Z,Quartier-2,27.82,48.71,62,37,88
2024-12-17T14:42:11.661446Z,Quartier-4,26.33,31.75,70,77,65
2024-12-17T14:43:11.661446Z,Quartier-5,33.48,46.63,42,28,96
2024-12-17T14:44:11.661446Z,Quartier-4,26.83,50.82,63,88,83
2024-12-17T14:45:11.661446Z,Quartier-5,32.04,56.76,49,48,50
2024-12-17T14:46:11.661446Z,Quartier-2,31.71,51.08,27,35,89
2024-12-17T14:47:11.661446Z,Quartier-4,26.67,33.69,61,92,67
2024-12-17T14:48:11.661446Z,Quartier-3,33.4,59.78,149,23,78
2024-12-17T14:49:11.661446Z,Quartier-4,29.34,35.95,66,84,72
2024-12-17T14:50:11.661446Z,Quartier-5,34.94,46.52,30,21,88
2024-12-17T14:51:11.661446Z,Quartier-2,26.05,34.3,19,33,70
2024-12-17T14:52:11.661446Z,Quartier-4,32.11,56.01,89,79,83
2024-12-17T14:53:11.661446Z,Quartier-2,28.66,36.0,62,42,92
2024-12-17T14:54:11.661446Z,Quartier-5,29.1,52.79,30,31,84
2024-12-17T14:55:11.661446Z,Quartier-4,34.26,41.77,63,99,97
2024-12-17T14:56:11.661446Z,Quartier-1,31.11,56.7,51,77,74
2024-12-17T14:57:11.661446Z,Quartier-3,29.94,34.13,58,41,79
2024-12-17T14:58:11.661446Z,Quartier-4,25.16,47.11,84,68,80
2024-12-17T14:59:11.661446Z,Quartier-2,33.25,46.39,61,38,62
2024-12-17T15:00:11.661446Z,Quartier-4,30.64,42.35,97,80,63
2024-12-17T15:01:11.661446Z,Quartier-4,25.64,30.82,83,92,71
2024-12-17T15:02:11.661446Z,Quartier-2,28.17,50.61,31,32,95
2024-12-17T15:03:11.661446Z,Quartier-2,26.56,42.85,39,47,78
2024-12-17T15:04:11.661446Z,Quartier-4,34.88,36.54,63,66,62
2024-12-17T15:05:11.661446Z,Quartier-4,29.12,43.54,59,87,51
2024-12-17T15:06:11.661446Z,Quartier-4,27.34,56.07,88,85,69
2024-12-17T15:07:11.661446Z,Quartier-5,29.74,54.77,14,33,45
2024-12-17T15:08:11.661446Z,Quartier-2,32.34,39.29,77,34,80
2024-12-17T15:09:11.661446Z,Quartier-5,32.27,35.85,37,31,72
2024-12-17T15:10:11.661446Z,Quartier-1,32.23,52.02,63,82,77
2024-12-17T15:11:11.661446Z,Quartier-3,26.66,57.56,135,29,83
2024-12-17T15:12:11.661446Z,Quartier-4,29.32,58.8,51,82,41
2024-12-17T15:13:11.661446Z,Quartier-1,25.24,50.65,58,61,76
2024-12-17T15:14:11.661446Z,Quartier-5,25.49,46.71,48,48,90
2024-12-17T15:15:11.661446Z,Quartier-2,25.63,34.28,54,48,96
2024-12-17T15:16:11.661446Z,Quartier-2,32.07,35.87,78,48,97
2024-12-17T15:17:11.661446Z,Quartier-2,33.89,49.15,76,33,92
2024-12-17T15:18:11.661446Z,Quartier-2,34.43,48.5,39,46,94
2024-12-17T15:19:11.661446Z,Quartier-4,28.89,39.89,77,92,43
2024-12-17T15:20:11.661446Z,Quartier-1,32.56,58.0,66,99,77
2024-12-17T15:21:11.661446Z,Quartier-3,26.96,35.24,130,38,63
2024-12-17T15:22:11.661446Z,Quartier-1,26.85,54.18,79,92,87
2024-12-17T15:23:11.661446Z,Quartier-5,34.08,42.2,44,34,96
2024-12-17T15:24:11.661446Z,Quartier-3,30.73,49.75,124,22,45
2024-12-17T15:25:11.661446Z,Quartier-1,34.83,30.65,81,89,93
2024-12-17T15:26:11.661446Z,Quartier-4,32.19,56.67,60,76,74
2024-12-17T15:27:11.661446Z,Quartier-3,27.53,32.94,59,56,54
2024-12-17T15:28:11.661446Z,Quartier-4,34.6,39.33,90,76,53
2024-12-17T15:29:11.661446Z,Quartier-4,33.35,45.52,97,72,44
2024-12-17T15:30:11.661446Z,Quartier-4,30.75,37.21,84,65,66
2024-12-17T15:31:11.661446Z,Quartier-1,30.88,30.15,77,71,100
2024-12-17T15:32:11.661446Z,Quartier-5,27.84,53.79,15,36,84
2024-12-17T15:33:11.661446Z,Quartier-1,30.55,33.16,58,82,66
2024-12-17T15:34:11.661446Z,Quartier-2,34.87,38.85,45,42,76
2024-12-17T15:35:11.661446Z,Quartier-5,31.34,41.35,27,44,60
2024-12-17T15:36:11.661446Z,Quartier-2,27.81,46.36,24,50,84
2024-12-17T15:37:11.661446Z,Quartier-2,25.31,32.39,45,49,66
2024-12-17T15:38:11.661446Z,Quartier-2,33.09,39.33,79,41,96
2024-12-17T15:39:11.661446Z,Quartier-2,28.66,31.17,40,37,81
2024-12-17T15:40:11.661446Z,Quartier-5,25.48,33.6,7,46,97
2024-12-17T15:41:11.661446Z,Quartier-3,31.63,30.79,81,20,66
2024-12-17T15:42:11.661446Z,Quartier-4,34.29,39.35,59,84,49
2024-12-17T15:43:11.661446Z,Quartier-5,28.81,56.49,6,24,62
2024-12-17T15:44:11.661446Z,Quartier-5,33.23,44.76,30,44,75
2024-12-17T15:45:11.661446Z,Quartier-1,34.5,46.75,70,64,46
2024-12-17T15:46:11.661446Z,Quartier-5,28.67,40.2,40,44,53
2024-12-17T15:47:11.661446Z,Quartier-4,32.77,33.35,83,76,46
2024-12-17T15:48:11.661446Z,Quartier-5,28.96,55.85,11,31,99
2024-12-17T15:49:11.661446Z,Quartier-2,27.66,33.49,20,48,69
2024-12-17T15:50:11.661446Z,Quartier-1,29.93,59.43,86,92,52
2024-12-17T15:51:11.661446Z,Quartier-1,33.95,49.19,92,95,51
2024-12-17T15:52:11.661446Z,Quartier-1,34.73,41.41,72,88,51
2024-12-17T15:53:11.661446Z,Quartier-5,33.43,53.85,7,54,43
2024-12-17T15:54:11.661446Z,Quartier-2,34.69,33.64,24,42,55
2024-12-17T15:55:11.661446Z,Quartier-2,31.14,33.63,47,48,79
2024-12-17T15:56:11.661446Z,Quartier-5,26.06,57.15,6,21,99
2024-12-17T15:57:11.661446Z,Quartier-1,30.24,57.35,96,99,62
2024-12-17T15:58:11.661446Z,Quartier-5,31.09,47.39,38,44,78
2024-12-17T15:59:11.661446Z,Quartier-5,32.67,35.83,12,41,94
2024-12-17T16:00:11.661446Z,Quartier-5,26.83,48.13,43,47,73
2024-12-17T16:01:11.661446Z,Quartier-1,34.6,55.7,72,81,92
2024-12-17T16:02:11.661446Z,Quartier-2,30.72,41.75,68,41,73
2024-12-17T16:03:11.661446Z,Quartier-4,31.63,54.63,55,67,61
2024-12-17T16:04:11.661446Z,Quartier-1,27.71,40.77,99,94,63
2024-12-17T16:05:11.661446Z,Quartier-5,30.11,54.94,42,36,91
2024-12-17T16:06:11.661446Z,Quartier-2,25.98,46.18,21,32,92
2024-12-17T16:07:11.661446Z,Quartier-4,28.85,44.47,97,83,99
2024-12-17T16:08:11.661446Z,Quartier-5,30.14,59.49,44,25,97
2024-12-17T16:09:11.661446Z,Quartier-5,26.33,45.63,17,53,55
2024-12-17T16:10:11.661446Z,Quartier-1,32.84,42.24,60,91,92
2024-12-17T16:11:11.661446Z,Quartier-2,27.37,52.77,21,33,88
2024-12-17T16:12:11.661446Z,Quartier-1,33.0,51.56,81,69,98
2024-12-17T16:13:11.661446Z,Quartier-1,33.59,51.41,72,91,42
2024-12-17T16:14:11.661446Z,Quartier-1,27.85,55.22,99,100,60
2024-12-17T16:15:11.661446Z,Quartier-2,25.23,41.72,10,34,96
2024-12-17T16:16:11.661446Z,Quartier-1,33.43,39.12,53,95,99
2024-12-17T16:17:11.661446Z,Quartier-1,29.12,30.54,58,96,55
2024-12-17T16:18:11.661446Z,Quartier-3,28.31,33.01,135,54,96
2024-12-17T16:19:11.661446Z,Quartier-5,32.6,44.36,45,29,78
2024-12-17T16:20:11.661446Z,Quartier-5,30.15,56.12,6,47,84
2024-12-17T16:21:11.661446Z,Quartier-2,30.03,49.18,43,49,74
2024-12-17T16:22:11.661446Z,Quartier-1,26.55,47.07,56,100,92
2024-12-17T16:23:11.661446Z,Quartier-1,27.38,44.58,51,61,75
2024-12-17T16:24:11.661446Z,Quartier-2,31.26,52.1,48,43,67
2024-12-17T16:25:11.661446Z,Quartier-2,34.11,33.77,71,36,51
2024-12-17T16:26:11.661446Z,Quartier-4,33.88,33.49,94,60,74
2024-12-17T16:27:11.661446Z,Quartier-3,33.1,46.4,66,39,52
2024-12-17T16:28:11.661446Z,Quartier-1,31.21,59.57,90,69,96
2024-12-17T16:29:11.661446Z,Quartier-3,34.99,36.94,95,38,68
2024-12-17T16:30:11.661446Z,Quartier-5,32.22,43.72,22,44,76
2024-12-17T16:31:11.661446Z,Quartier-4,30.02,33.95,91,62,89
2024-12-17T16:32:11.661446Z,Quartier-3,28.47,59.22,68,59,45
2024-12-17T16:33:11.661446Z,Quartier-5,29.91,57.74,42,22,71
2024-12-17T16:34:11.661446Z,Quartier-3,27.13,34.36,145,49,46
2024-12-17T16:35:11.661446Z,Quartier-1,31.88,55.02,53,87,100
2024-12-17T16:36:11.661446Z,Quartier-1,27.37,52.24,55,63,62
2024-12-17T16:37:11.661446Z,Quartier-5,29.05,59.13,43,30,65
2024-12-17T16:38:11.661446Z,Quartier-1,25.87,30.81,75,84,55
2024-12-17T16:39:11.661446Z,Quartier-5,26.99,39.12,40,47,57
2024-12-17T16:40:11.661446Z,Quartier-5,31.53,30.63,13,29,59
2024-12-17T16:41:11.661446Z,Quartier-4,26.29,52.07,100,95,91
2024-12-17T16:42:11.661446Z,Quartier-3,30.55,50.74,63,53,59
2024-12-17T16:43:11.661446Z,Quartier-1,32.31,32.55,84,70,84
2024-12-17T16:44:11.661446Z,Quartier-1,34.6,32.42,80,85,58
2024-12-17T16:45:11.661446Z,Quartier-5,34.69,33.68,30,58,54
2024-12-17T16:46:11.661446Z,Quartier-5,32.73,48.35,37,40,59
2024-12-17T16:47:11.661446Z,Quartier-2,31.82,33.41,52,42,91
2024-12-17T16:48:11.661446Z,Quartier-4,25.99,43.31,50,81,83
2024-12-17T16:49:11.661446Z,Quartier-1,28.74,31.59,91,76,41
2024-12-17T16:50:11.661446Z,Quartier-3,32.44,47.42,111,58,69
2024-12-17T16:51:11.661446Z,Quartier-2,31.44,54.68,49,38,54
2024-12-17T16:52:11.661446Z,Quartier-5,32.29,57.46,27,59,86
2024-12-17T16:53:11.661446Z,Quartier-5,27.39,36.01,46,60,60
2024-12-17T16:54:11.661446Z,Quartier-2,34.65,43.51,62,48,56
2024-12-17T16:55:11.661446Z,Quartier-1,27.29,32.39,70,88,60
2024-12-17T16:56:11.661446Z,Quartier-1,33.48,41.47,64,99,76
2024-12-17T16:57:11.661446Z,Quartier-5,33.33,47.5,18,41,96
2024-12-17T16:58:11.661446Z,Quartier-3,29.6,58.93,85,23,87
2024-12-17T16:59:11.661446Z,Quartier-1,32.22,51.93,93,69,93
2024-12-17T17:00:11.661446Z,Quartier-5,30.06,37.74,47,54,84
2024-12-17T17:01:11.661446Z,Quartier-2,31.32,50.62,28,42,70
2024-12-17T17:02:11.661446Z,Quartier-4,32.17,46.02,180,84,53
2024-12-17T17:03:11.661446Z,Quartier-5,28.12,30.16,10,43,59
2024-12-17T17:04:11.661446Z,Quartier-1,27.5,53.71,73,98,93
2024-12-17T17:05:11.661446Z,Quartier-3,32.39,35.4,103,33,41
2024-12-17T17:06:11.661446Z,Quartier-1,31.54,38.95,176,60,40
2024-12-17T17:07:11.661446Z,Quartier-4,34.28,53.59,186,68,63
2024-12-17T17:08:11.661446Z,Quartier-4,34.38,36.8,84,80,73
2024-12-17T17:09:11.661446Z,Quartier-5,32.61,47.43,24,26,83
2024-12-17T17:10:11.661446Z,Quartier-3,25.35,33.8,121,41,88
2024-12-17T17:11:11.661446Z,Quartier-4,30.87,39.56,70,86,57
2024-12-17T17:12:11.661446Z,Quartier-5,29.01,57.48,46,52,98
2024-12-17T17:13:11.661446Z,Quartier-2,30.82,55.4,51,42,94
2024-12-17T17:14:11.661446Z,Quartier-1,25.05,58.64,104,69,60
2024-12-17T17:15:11.661446Z,Quartier-2,25.79,31.15,27,35,75
2024-12-17T17:16:11.661446Z,Quartier-5,31.37,38.32,12,45,73
2024-12-17T17:17:11.661446Z,Quartier-3,25.73,47.18,80,42,59
2024-12-17T17:18:11.661446Z,Quartier-5,34.02,45.84,47,21,52
2024-12-17T17:19:11.661446Z,Quartier-3,25.54,59.84,71,23,95
2024-12-17T17:20:11.661446Z,Quartier-1,33.92,36.93,56,71,56
2024-12-17T17:21:11.661446Z,Quartier-3,32.25,38.32,98,54,74
2024-12-17T17:22:11.661446Z,Quartier-3,26.89,49.96,57,51,67
2024-12-17T17:23:11.661446Z,Quartier-5,28.97,45.2,15,35,89
2024-12-17T17:24:11.661446Z,Quartier-1,26.88,34.13,63,86,93
2024-12-17T17:25:11.661446Z,Quartier-1,26.94,46.33,128,97,75
2024-12-17T17:26:11.661446Z,Quartier-5,28.4,52.88,8,41,69
2024-12-17T17:27:11.661446Z,Quartier-2,27.53,31.16,48,44,46
2024-12-17T17:28:11.661446Z,Quartier-4,25.01,36.72,138,83,90
2024-12-17T17:29:11.661446Z,Quartier-3,28.08,49.46,89,46,76
2024-12-17T17:30:11.661446Z,Quartier-5,29.58,30.96,5,45,55
2024-12-17T17:31:11.661446Z,Quartier-2,34.58,44.44,78,37,97
2024-12-17T17:32:11.661446Z,Quartier-2,34.62,50.65,42,32,63
2024-12-17T17:33:11.661446Z,Quartier-3,32.72,58.64,104,41,74
2024-12-17T17:34:11.661446Z,Quartier-1,33.77,31.67,89,90,41
2024-12-17T17:35:11.661446Z,Quartier-3,28.77,50.27,104,50,45
2024-12-17T17:36:11.661446Z,Quartier-4,29.79,44.16,181,99,42
2024-12-17T17:37:11.661446Z,Quartier-1,30.21,49.2,146,73,96
2024-12-17T17:38:11.661446Z,Quartier-2,33.23,46.04,27,47,53
2024-12-17T17:39:11.661446Z,Quartier-1,32.93,56.95,181,94,93
2024-12-17T17:40:11.661446Z,Quartier-1,30.02,58.12,174,69,77
2024-12-17T17:41:11.661446Z,Quartier-3,28.74,59.64,105,44,50
2024-12-17T17:42:11.661446Z,Quartier-5,27.53,52.4,7,27,79
2024-12-17T17:43:11.661446Z,Quartier-2,27.07,54.94,11,44,56
2024-12-17T17:44:11.661446Z,Quartier-3,34.17,52.5,80,39,93
2024-12-17T17:45:11.661446Z,Quartier-2,29.51,53.39,42,41,60
2024-12-17T17:46:11.661446Z,Quartier-3,26.79,53.28,107,46,59
2024-12-17T17:47:11.661446Z,Quartier-3,34.05,54.44,131,29,84
2024-12-17T17:48:11.661446Z,Quartier-1,26.4,35.94,167,82,96
2024-12-17T17:49:11.661446Z,Quartier-3,25.06,45.35,105,52,64
2024-12-17T17:50:11.661446Z,Quartier-5,33.36,54.97,29,20,71
2024-12-17T17:51:11.661446Z,Quartier-2,25.24,59.61,68,39,42
2024-12-17T17:52:11.661446Z,Quartier-4,32.86,33.64,190,73,100
2024-12-17T17:53:11.661446Z,Quartier-3,29.07,39.2,85,36,71
2024-12-17T17:54:11.661446Z,Quartier-5,25.69,57.56,30,42,63
2024-12-17T17:55:11.661446Z,Quartier-3,30.14,47.08,90,53,51
2024-12-17T17:56:11.661446Z,Quartier-2,31.7,37.54,66,42,51
2024-12-17T17:57:11.661446Z,Quartier-3,34.89,51.76,135,48,46
2024-12-17T17:58:11.661446Z,Quartier-1,34.39,30.62,115,92,41
2024-12-17T17:59:11.661446Z,Quartier-2,29.06,34.93,30,30,86
2024-12-17T18:00:11.661446Z,Quartier-2,29.57,46.96,54,38,65
2024-12-17T18:01:11.661446Z,Quartier-5,25.07,33.46,36,43,69
2024-12-17T18:02:11.661446Z,Quartier-3,26.28,54.23,65,21,100
2024-12-17T18:03:11.661446Z,Quartier-1,25.1,43.24,127,77,78
2024-12-17T18:04:11.661446Z,Quartier-3,26.29,54.59,56,34,58
2024-12-17T18:05:11.661446Z,Quartier-1,28.33,51.87,96,96,90
2024-12-17T18:06:11.661446Z,Quartier-5,26.51,34.06,28,58,44
2024-12-17T18:07:11.661446Z,Quartier-3,34.82,37.71,133,39,65
2024-12-17T18:08:11.661446Z,Quartier-5,32.69,39.87,39,40,86
2024-12-17T18:09:11.661446Z,Quartier-1,33.47,37.84,88,95,60
2024-12-17T18:10:11.661446Z,Quartier-5,33.03,38.84,8,43,61
2024-12-17T18:11:11.661446Z,Quartier-3,34.06,55.47,103,52,64
2024-12-17T18:12:11.661446Z,Quartier-4,31.4,55.34,62,86,81
2024-12-17T18:13:11.661446Z,Quartier-4,33.59,51.11,172,93,58
2024-12-17T18:14:11.661446Z,Quartier-1,29.84,58.08,79,69,62
2024-12-17T18:15:11.661446Z,Quartier-4,32.72,33.1,129,100,62
2024-12-17T18:16:11.661446Z,Quartier-2,26.88,40.8,34,38,63
2024-12-17T18:17:11.661446Z,Quartier-4,33.48,42.66,59,61,89
2024-12-17T18:18:11.661446Z,Quartier-3,28.8,59.42,126,30,51
2024-12-17T18:19:11.661446Z,Quartier-5,27.49,57.92,7,33,86
2024-12-17T18:20:11.661446Z,Quartier-5,34.04,53.67,33,25,98
2024-12-17T18:21:11.661446Z,Quartier-2,29.9,34.0,60,42,45
2024-12-17T18:22:11.661446Z,Quartier-4,33.53,48.79,197,88,91
2024-12-17T18:23:11.661446Z,Quartier-4,27.31,56.37,123,96,80
2024-12-17T18:24:11.661446Z,Quartier-5,33.45,38.6,47,59,92
2024-12-17T18:25:11.661446Z,Quartier-2,25.52,35.59,15,42,68
2024-12-17T18:26:11.661446Z,Quartier-1,30.66,47.45,186,80,49
2024-12-17T18:27:11.661446Z,Quartier-4,30.76,55.12,179,93,64
2024-12-17T18:28:11.661446Z,Quartier-1,30.46,41.33,111,60,94
2024-12-17T18:29:11.661446Z,Quartier-4,31.87,44.56,102,94,87
2024-12-17T18:30:11.661446Z,Quartier-2,27.23,30.25,71,32,68
2024-12-17T18:31:11.661446Z,Quartier-2,26.05,43.37,75,50,58
2024-12-17T18:32:11.661446Z,Quartier-4,29.21,30.59,124,68,63
2024-12-17T18:33:11.661446Z,Quartier-4,30.5,40.64,107,69,55
2024-12-17T18:34:11.661446Z,Quartier-3,30.36,43.24,70,36,52
2024-12-17T18:35:11.661446Z,Quartier-1,26.41,31.92,168,98,70
2024-12-17T18:36:11.661446Z,Quartier-1,26.01,58.8,166,74,51
2024-12-17T18:37:11.661446Z,Quartier-2,26.79,52.19,30,40,66
2024-12-17T18:38:11.661446Z,Quartier-4,34.67,47.9,98,77,64
2024-12-17T18:39:11.661446Z,Quartier-3,29.79,47.78,137,59,52
2024-12-17T18:40:11.661446Z,Quartier-2,32.69,47.02,50,47,76
2024-12-17T18:41:11.661446Z,Quartier-3,30.35,45.53,146,59,97
2024-12-17T18:42:11.661446Z,Quartier-4,26.08,31.93,53,90,45
2024-12-17T18:43:11.661446Z,Quartier-3,25.85,46.3,89,54,90
2024-12-17T18:44:11.661446Z,Quartier-5,31.07,56.2,43,56,59
2024-12-17T18:45:11.661446Z,Quartier-5,30.72,32.52,18,31,92
2024-12-17T18:46:11.661446Z,Quartier-4,27.72,48.98,158,97,75
2024-12-17T18:47:11.661446Z,Quartier-4,27.74,32.98,83,99,43
2024-12-17T18:48:11.661446Z,Quartier-1,26.74,35.37,135,82,86
2024-12-17T18:49:11.661446Z,Quartier-4,26.75,32.51,116,82,95
2024-12-17T18:50:11.661446Z,Quartier-4,25.45,35.26,107,77,59
2024-12-17T18:51:11.661446Z,Quartier-3,29.65,49.55,57,56,61
2024-12-17T18:52:11.661446Z,Quartier-4,30.92,45.53,133,92,94
2024-12-17T18:53:11.661446Z,Quartier-3,29.42,36.88,56,56,49
2024-12-17T18:54:11.661446Z,Quartier-1,25.42,44.23,77,83,78
2024-12-17T18:55:11.661446Z,Quartier-4,25.13,40.23,134,93,69
2024-12-17T18:56:11.661446Z,Quartier-3,32.23,57.45,110,35,84
2024-12-17T18:57:11.661446Z,Quartier-1,26.6,53.23,102,94,98
2024-12-17T18:58:11.661446Z,Quartier-5,25.88,57.29,29,29,55
2024-12-17T18:59:11.661446Z,Quartier-5,30.46,34.68,43,30,93
2024-12-17T19:00:11.661446Z,Quartier-5,21.24,87.88,21,40,60
2024-12-17T19:01:11.661446Z,Quartier-5,18.26,76.33,37,53,61
2024-12-17T19:02:11.661446Z,Quartier-3,20.13,84.75,57,44,42
2024-12-17T19:03:11.661446Z,Quartier-1,21.71,81.54,93,71,77
2024-12-17T19:04:11.661446Z,Quartier-3,19.24,78.32,55,47,86
2024-12-17T19:05:11.661446Z,Quartier-5,24.31,53.96,46,27,100
2024-12-17T19:06:11.661446Z,Quartier-2,24.48,30.97,63,50,64
2024-12-17T19:07:11.661446Z,Quartier-2,23.97,50.7,75,47,96
2024-12-17T19:08:11.661446Z,Quartier-1,23.32,53.07,92,98,81
2024-12-17T19:09:11.661446Z,Quartier-4,22.15,46.93,73,61,69
2024-12-17T19:10:11.661446Z,Quartier-3,22.3,42.99,109,28,45
2024-12-17T19:11:11.661446Z,Quartier-4,19.51,75.26,97,79,67
2024-12-17T19:12:11.661446Z,Quartier-5,18.5,84.17,23,58,67
2024-12-17T19:13:11.661446Z,Quartier-4,22.13,32.55,56,77,69
2024-12-17T19:14:11.661446Z,Quartier-2,19.55,72.55,11,42,51
2024-12-17T19:15:11.661446Z,Quartier-4,19.21,81.01,50,89,67
2024-12-17T19:16:11.661446Z,Quartier-3,20.19,78.12,126,31,47
2024-12-17T19:17:11.661446Z,Quartier-1,21.51,81.35,87,86,64
2024-12-17T19:18:11.661446Z,Quartier-2,20.79,72.11,24,48,65
2024-12-17T19:19:11.661446Z,Quartier-5,20.05,82.18,11,50,43
2024-12-17T19:20:11.661446Z,Quartier-2,18.35,79.95,75,31,49
2024-12-17T19:21:11.661446Z,Quartier-4,18.38,85.91,58,70,58
2024-12-17T19:22:11.661446Z,Quartier-3,21.78,86.5,55,52,74
2024-12-17T19:23:11.661446Z,Quartier-3,19.74,72.72,116,58,98
2024-12-17T19:24:11.661446Z,Quartier-2,19.19,89.12,31,34,85
2024-12-17T19:25:11.661446Z,Quartier-2,20.97,84.8,42,41,60
2024-12-17T19:26:11.661446Z,Quartier-5,22.2,33.53,11,34,84
2024-12-17T19:27:11.661446Z,Quartier-3,23.73,39.76,72,44,53
2024-12-17T19:28:11.661446Z,Quartier-1,23.8,37.33,94,87,65
2024-12-17T19:29:11.661446Z,Quartier-5,21.72,82.89,5,44,41
2024-12-17T19:30:11.661446Z,Quartier-1,24.71,31.98,96,74,93
2024-12-17T19:31:11.661446Z,Quartier-2,22.71,46.83,57,46,80
2024-12-17T19:32:11.661446Z,Quartier-2,22.75,50.04,41,47,44
2024-12-17T19:33:11.661446Z,Quartier-2,20.69,71.13,20,41,58
2024-12-17T19:34:11.661446Z,Quartier-5,23.96,39.82,11,26,94
2024-12-17T19:35:11.661446Z,Quartier-3,23.31,43.55,91,59,75
2024-12-17T19:36:11.661446Z,Quartier-4,21.55,85.91,71,61,45
2024-12-17T19:37:11.661446Z,Quartier-3,22.64,51.38,54,25,68
2024-12-17T19:38:11.661446Z,Quartier-4,20.23,75.98,71,74,66
2024-12-17T19:39:11.661446Z,Quartier-2,18.82,74.34,64,41,42
2024-12-17T19:40:11.661446Z,Quartier-1,19.95,86.71,69,96,43
2024-12-17T19:41:11.661446Z,Quartier-2,19.06,75.01,44,47,45
2024-12-17T19:42:11.661446Z,Quartier-1,19.06,75.25,70,73,51
2024-12-17T19:43:11.661446Z,Quartier-2,24.86,56.78,18,46,57
2024-12-17T19:44:11.661446Z,Quartier-2,19.0,81.85,52,31,100
2024-12-17T19:45:11.661446Z,Quartier-3,18.42,82.87,87,27,79
2024-12-17T19:46:11.661446Z,Quartier-2,18.64,75.16,19,31,98
2024-12-17T19:47:11.661446Z,Quartier-2,20.19,72.28,75,33,88
2024-12-17T19:48:11.661446Z,Quartier-1,21.08,77.79,59,76,82
2024-12-17T19:49:11.661446Z,Quartier-3,24.19,38.04,83,55,100
2024-12-17T19:50:11.661446Z,Quartier-4,19.29,73.91,83,76,49
2024-12-17T19:51:11.661446Z,Quartier-2,20.7,87.17,50,50,86
2024-12-17T19:52:11.661446Z,Quartier-2,23.03,45.27,42,48,74
2024-12-17T19:53:11.661446Z,Quartier-4,19.72,86.53,66,76,60
2024-12-17T19:54:11.661446Z,Quartier-1,24.42,58.87,73,64,70
2024-12-17T19:55:11.661446Z,Quartier-5,18.33,71.39,41,45,46
2024-12-17T19:56:11.661446Z,Quartier-2,20.78,83.64,58,31,77
2024-12-17T19:57:11.661446Z,Quartier-5,20.86,83.55,17,35,96
2024-12-17T19:58:11.661446Z,Quartier-1,23.96,31.37,75,70,91
2024-12-17T19:59:11.661446Z,Quartier-1,19.05,70.99,53,91,59
2024-12-17T20:00:11.661446Z,Quartier-1,23.16,31.27,89,82,80
2024-12-17T20:01:11.661446Z,Quartier-3,23.85,51.27,52,31,64
2024-12-17T20:02:11.661446Z,Quartier-2,22.28,53.58,67,36,100
2024-12-17T20:03:11.661446Z,Quartier-5,21.49,73.18,25,46,76
2024-12-17T20:04:11.661446Z,Quartier-2,20.3,88.49,13,50,53
2024-12-17T20:05:11.661446Z,Quartier-2,22.3,31.5,33,37,77
2024-12-17T20:06:11.661446Z,Quartier-1,21.4,74.21,68,60,58
2024-12-17T20:07:11.661446Z,Quartier-3,23.63,57.02,61,45,95
2024-12-17T20:08:11.661446Z,Quartier-1,21.96,73.57,80,69,62
2024-12-17T20:09:11.661446Z,Quartier-3,22.1,56.88,61,29,43
2024-12-17T20:10:11.661446Z,Quartier-5,24.91,43.35,40,21,82
2024-12-17T20:11:11.661446Z,Quartier-5,19.69,83.94,40,29,67
2024-12-17T20:12:11.661446Z,Quartier-4,20.37,72.93,68,89,63
2024-12-17T20:13:11.661446Z,Quartier-1,19.82,83.43,51,95,71
2024-12-17T20:14:11.661446Z,Quartier-5,24.1,49.71,24,50,54
2024-12-17T20:15:11.661446Z,Quartier-5,22.88,55.1,18,31,64
2024-12-17T20:16:11.661446Z,Quartier-4,21.17,80.04,98,80,62
2024-12-17T20:17:11.661446Z,Quartier-2,19.82,76.13,31,43,79
2024-12-17T20:18:11.661446Z,Quartier-5,21.48,73.69,47,21,84
2024-12-17T20:19:11.661446Z,Quartier-2,18.38,82.34,11,37,69
2024-12-17T20:20:11.661446Z,Quartier-1,22.29,48.31,62,80,52
2024-12-17T20:21:11.661446Z,Quartier-4,21.67,77.93,95,60,54
2024-12-17T20:22:11.661446Z,Quartier-1,19.48,70.1,71,73,45
2024-12-17T20:23:11.661446Z,Quartier-5,22.44,50.71,13,50,89
2024-12-17T20:24:11.661446Z,Quartier-2,18.71,73.81,28,39,73
2024-12-17T20:25:11.661446Z,Quartier-2,18.6,83.87,20,33,57
2024-12-17T20:26:11.661446Z,Quartier-1,21.62,84.76,92,81,67
2024-12-17T20:27:11.661446Z,Quartier-3,23.21,44.94,104,23,50
2024-12-17T20:28:11.661446Z,Quartier-1,18.63,70.15,61,93,77
2024-12-17T20:29:11.661446Z,Quartier-4,23.63,39.85,72,62,66
2024-12-17T20:30:11.661446Z,Quartier-3,18.68,78.13,103,36,86
2024-12-17T20:31:11.661446Z,Quartier-4,19.68,85.53,63,99,67
2024-12-17T20:32:11.661446Z,Quartier-2,23.71,48.41,24,40,92
2024-12-17T20:33:11.661446Z,Quartier-1,24.77,39.47,84,99,77
2024-12-17T20:34:11.661446Z,Quartier-1,19.31,78.78,59,95,84
2024-12-17T20:35:11.661446Z,Quartier-2,22.37,48.19,35,46,64
2024-12-17T20:36:11.661446Z,Quartier-2,22.15,30.59,70,44,87
2024-12-17T20:37:11.661446Z,Quartier-1,19.82,81.52,65,97,61
2024-12-17T20:38:11.661446Z,Quartier-1,18.7,76.67,58,73,77
2024-12-17T20:39:11.661446Z,Quartier-1,20.29,84.96,69,80,90
2024-12-17T20:40:11.661446Z,Quartier-2,21.14,84.15,62,33,80
2024-12-17T20:41:11.661446Z,Quartier-1,18.99,79.6,93,79,76
2024-12-17T20:42:11.661446Z,Quartier-4,21.1,70.44,94,70,79
2024-12-17T20:43:11.661446Z,Quartier-5,18.01,80.59,19,30,97
2024-12-17T20:44:11.661446Z,Quartier-2,23.42,40.37,34,43,82
2024-12-17T20:45:11.661446Z,Quartier-1,23.29,54.57,85,65,47
2024-12-17T20:46:11.661446Z,Quartier-5,21.24,82.68,20,32,99
2024-12-17T20:47:11.661446Z,Quartier-2,21.79,82.33,53,30,75
2024-12-17T20:48:11.661446Z,Quartier-1,22.8,41.43,94,71,55
2024-12-17T20:49:11.661446Z,Quartier-4,22.44,30.99,69,97,54
2024-12-17T20:50:11.661446Z,Quartier-4,21.67,77.69,75,77,68
2024-12-17T20:51:11.661446Z,Quartier-2,20.8,70.45,14,43,48
2024-12-17T20:52:11.661446Z,Quartier-4,23.7,31.53,82,61,47
2024-12-17T20:53:11.661446Z,Quartier-1,18.34,70.04,100,100,87
2024-12-17T20:54:11.661446Z,Quartier-4,20.46,85.74,93,95,47
2024-12-17T20:55:11.661446Z,Quartier-3,20.59,81.18,52,29,55
2024-12-17T20:56:11.661446Z,Quartier-5,19.85,86.72,36,45,54
2024-12-17T20:57:11.661446Z,Quartier-2,21.07,78.56,31,43,90
2024-12-17T20:58:11.661446Z,Quartier-5,19.33,77.02,37,22,42
2024-12-17T20:59:11.661446Z,Quartier-1,23.61,48.91,80,74,84
2024-12-17T21:00:11.661446Z,Quartier-3,23.95,46.61,55,44,63
2024-12-17T21:01:11.661446Z,Quartier-5,20.67,74.66,17,49,66
2024-12-17T21:02:11.661446Z,Quartier-1,22.05,33.32,92,99,98
2024-12-17T21:03:11.661446Z,Quartier-1,22.26,57.85,57,61,89
2024-12-17T21:04:11.661446Z,Quartier-5,19.44,70.07,35,57,73
2024-12-17T21:05:11.661446Z,Quartier-1,23.74,40.77,50,98,65
2024-12-17T21:06:11.661446Z,Quartier-2,23.64,58.89,72,33,83
2024-12-17T21:07:11.661446Z,Quartier-3,21.32,75.7,84,32,69
2024-12-17T21:08:11.661446Z,Quartier-4,19.61,75.98,88,80,76
2024-12-17T21:09:11.661446Z,Quartier-2,22.05,40.19,33,38,57
2024-12-17T21:10:11.661446Z,Quartier-3,22.62,56.76,98,44,82
2024-12-17T21:11:11.661446Z,Quartier-5,21.61,73.58,31,31,51
2024-12-17T21:12:11.661446Z,Quartier-4,19.37,85.17,66,97,53
2024-12-17T21:13:11.661446Z,Quartier-2,19.96,86.55,20,35,47
2024-12-17T21:14:11.661446Z,Quartier-2,24.17,30.22,56,47,94
2024-12-17T21:15:11.661446Z,Quartier-2,21.06,83.12,29,33,69
2024-12-17T21:16:11.661446Z,Quartier-2,22.59,39.23,21,45,49
